%time,field.data
35543000000,0.0
35544000000,0.0
35545000000,0.0
35546000000,0.0
35547000000,0.0
35548000000,0.0
35549000000,0.0
35550000000,0.0
35551000000,0.0
35552000000,0.0
35553000000,0.0
35554000000,0.0
35555000000,0.0
35556000000,0.0
35557000000,0.0
35558000000,0.0
35559000000,0.0
35560000000,0.0
35561000000,0.0
35562000000,0.0
35563000000,0.0
35564000000,0.0
35565000000,0.0
35566000000,0.0
35567000000,0.0
35568000000,0.0
35569000000,0.0
35570000000,0.0
35571000000,0.0
35572000000,0.0
35573000000,0.0
35574000000,0.0
35575000000,0.0
35576000000,0.0
35577000000,0.0
35578000000,0.0
35579000000,0.0
35580000000,0.0
35581000000,0.0
35582000000,0.0
35583000000,0.0
35584000000,0.0
35585000000,0.0
35586000000,0.0
35587000000,0.0
35588000000,0.0
35589000000,0.0
35590000000,0.0
35591000000,0.0
35592000000,0.0
35593000000,0.0
35594000000,0.0
35595000000,0.0
35596000000,0.0
35597000000,0.0
35598000000,0.0
35599000000,0.0
35600000000,0.0
35601000000,0.0
35602000000,0.0
35603000000,0.0
35604000000,0.0
35605000000,0.0
35606000000,0.0
35607000000,0.0
35608000000,0.0
35609000000,0.0
35610000000,0.0
35611000000,0.0
35612000000,0.0
35613000000,0.0
35614000000,0.0
35615000000,0.0
35616000000,0.0
35617000000,0.0
35618000000,0.0
35619000000,0.0
35620000000,0.0
35621000000,0.0
35622000000,0.0
35623000000,0.0
35624000000,0.0
35625000000,0.0
35626000000,0.0
35627000000,0.0
35628000000,0.0
35629000000,0.0
35630000000,0.0
35631000000,0.0
35632000000,0.0
35633000000,0.0
35634000000,0.0
35635000000,0.0
35636000000,0.0
35637000000,0.0
35638000000,0.0
35639000000,0.0
35640000000,0.0
35641000000,0.0
35642000000,0.0
35643000000,0.0
35644000000,0.0
35645000000,0.0
35646000000,0.0
35647000000,0.0
35648000000,0.0
35649000000,0.0
35650000000,0.0
35651000000,0.0
35652000000,0.0
35653000000,0.0
35654000000,0.0
35655000000,0.0
35656000000,0.0
35657000000,0.0
35658000000,0.0
35659000000,0.0
35660000000,0.0
35661000000,0.0
35662000000,0.0
35663000000,0.0
35664000000,0.0
35665000000,0.0
35666000000,0.0
35667000000,0.0
35668000000,0.0
35669000000,0.0
35670000000,0.0
35671000000,0.0
35672000000,0.0
35673000000,0.0
35674000000,0.0
35675000000,0.0
35676000000,0.0
35677000000,0.0
35678000000,0.0
35679000000,0.0
35680000000,0.0
35681000000,0.0
35682000000,0.0
35683000000,0.0
35684000000,0.0
35685000000,0.0
35686000000,0.0
35687000000,0.0
35688000000,0.0
35689000000,0.0
35690000000,0.0
35691000000,0.0
35692000000,0.0
35693000000,0.0
35694000000,0.0
35695000000,0.0
35696000000,0.0
35697000000,0.0
35698000000,0.0
35699000000,0.0
35700000000,0.0
35701000000,0.0
35702000000,0.0
35703000000,0.0
35704000000,0.0
35705000000,0.0
35706000000,0.0
35707000000,0.0
35708000000,0.0
35709000000,0.0
35710000000,0.0
35711000000,0.0
35712000000,0.0
35713000000,0.0
35714000000,0.0
35715000000,0.0
35716000000,0.0
35717000000,0.0
35718000000,0.0
35719000000,0.0
35720000000,0.0
35721000000,0.0
35722000000,0.0
35723000000,0.0
35724000000,0.0
35725000000,0.0
35726000000,0.0
35727000000,0.0
35728000000,0.0
35729000000,0.0
35730000000,0.0
35731000000,0.0
35732000000,0.0
35733000000,0.0
35734000000,0.0
35735000000,0.0
35736000000,0.0
35737000000,0.0
35738000000,0.0
35739000000,0.0
35740000000,0.0
35741000000,0.0
35742000000,0.0
35743000000,0.0
35744000000,0.0
35745000000,0.0
35746000000,0.0
35747000000,0.0
35748000000,0.0
35749000000,0.0
35750000000,0.0
35751000000,0.0
35752000000,0.0
35753000000,0.0
35754000000,0.0
35755000000,0.0
35756000000,0.0
35757000000,0.0
35758000000,0.0
35759000000,0.0
35760000000,0.0
35761000000,0.0
35762000000,0.0
35763000000,0.0
35764000000,0.0
35765000000,0.0
35766000000,0.0
35767000000,0.0
35768000000,0.0
35769000000,0.0
35770000000,0.0
35771000000,0.0
35772000000,0.0
35773000000,0.0
35774000000,0.0
35775000000,0.0
35776000000,0.0
35777000000,0.0
35778000000,0.0
35779000000,0.0
35780000000,0.0
35781000000,0.0
35782000000,0.0
35783000000,0.0
35784000000,0.0
35785000000,0.0
35786000000,0.0
35787000000,0.0
35788000000,0.0
35789000000,0.0
35790000000,0.0
35791000000,0.0
35792000000,0.0
35793000000,0.0
35794000000,0.0
35795000000,0.0
35796000000,0.0
35797000000,0.0
35798000000,0.0
35799000000,0.0
35800000000,0.0
35801000000,0.0
35802000000,0.0
35803000000,0.0
35804000000,0.0
35805000000,0.0
35806000000,0.0
35807000000,0.0
35808000000,0.0
35809000000,0.0
35810000000,0.0
35810000000,0.0
35812000000,0.0
35813000000,0.0
35814000000,0.0
35815000000,0.0
35816000000,0.0
35817000000,0.0
35818000000,0.0
35819000000,0.0
35820000000,0.0
35821000000,0.0
35822000000,0.0
35823000000,0.0
35824000000,0.0
35825000000,0.0
35826000000,0.0
35827000000,0.0
35828000000,0.0
35829000000,0.0
35830000000,0.0
35831000000,0.0
35832000000,0.0
35833000000,0.0
35834000000,0.0
35835000000,0.0
35836000000,0.0
35837000000,0.0
35838000000,0.0
35839000000,0.0
35840000000,0.0
35841000000,0.0
35842000000,0.0
35843000000,0.0
35844000000,0.0
35845000000,0.0
35846000000,0.0
35847000000,0.0
35848000000,0.0
35849000000,0.0
35850000000,0.0
35851000000,0.0
35852000000,0.0
35853000000,0.0
35854000000,0.0
35855000000,0.0
35856000000,0.0
35857000000,0.0
35858000000,0.0
35859000000,0.0
35860000000,0.0
35861000000,0.0
35862000000,0.0
35863000000,0.0
35864000000,0.0
35865000000,0.0
35866000000,0.0
35867000000,0.0
35868000000,0.0
35869000000,0.0
35870000000,0.0
35871000000,0.0
35872000000,0.0
35873000000,0.0
35874000000,0.0
35875000000,0.0
35876000000,0.0
35877000000,0.0
35878000000,0.0
35879000000,0.0
35880000000,0.0
35881000000,0.0
35882000000,0.0
35883000000,0.0
35884000000,0.0
35885000000,0.0
35886000000,0.0
35887000000,0.0
35888000000,0.0
35889000000,0.0
35890000000,0.0
35891000000,0.0
35892000000,0.0
35893000000,0.0
35894000000,0.0
35895000000,0.0
35896000000,0.0
35897000000,0.0
35898000000,0.0
35899000000,0.0
35900000000,0.0
35901000000,0.0
35902000000,0.0
35903000000,0.0
35904000000,0.0
35905000000,0.0
35906000000,0.0
35907000000,0.0
35908000000,0.0
35909000000,0.0
35910000000,0.0
35911000000,0.0
35912000000,0.0
35913000000,0.0
35914000000,0.0
35915000000,0.0
35916000000,0.0
35917000000,0.0
35918000000,0.0
35918000000,0.0
35920000000,0.0
35921000000,0.0
35921000000,0.0
35923000000,0.0
35923000000,0.0
35925000000,0.0
35926000000,0.0
35927000000,0.0
35928000000,0.0
35929000000,0.0
35930000000,0.0
35931000000,0.0
35932000000,0.0
35933000000,0.0
35934000000,0.0
35935000000,0.0
35936000000,0.0
35937000000,0.0
35937000000,0.0
35938000000,0.0
35938000000,0.0
35941000000,0.0
35942000000,0.0
35943000000,0.0
35944000000,0.0
35945000000,0.0
35946000000,0.0
35947000000,0.0
35948000000,0.0
35949000000,0.0
35950000000,0.0
35951000000,0.0
35952000000,0.0
35953000000,0.0
35954000000,0.0
35955000000,0.0
35956000000,0.0
35957000000,0.0
35958000000,0.0
35959000000,0.0
35960000000,0.0
35961000000,0.0
35962000000,0.0
35963000000,0.0
35964000000,0.0
35965000000,0.0
35966000000,0.0
35967000000,0.0
35968000000,0.0
35969000000,0.0
35970000000,0.0
35970000000,0.0
35970000000,0.0
35973000000,0.0
35974000000,0.0
35975000000,0.0
35976000000,0.0
35977000000,0.0
35978000000,0.0
35979000000,0.0
35980000000,0.0
35981000000,0.0
35982000000,0.0
35983000000,0.0
35984000000,0.0
35985000000,0.0
35986000000,0.0
35987000000,0.0
35988000000,0.0
35989000000,0.0
35990000000,0.0
35991000000,0.0
35992000000,0.0
35993000000,0.0
35994000000,0.0
35995000000,0.0
35996000000,0.0
35997000000,0.0
35998000000,0.0
35999000000,0.0
36000000000,0.0
36001000000,0.0
36002000000,0.0
36003000000,0.0
36004000000,0.0
36005000000,0.0
36006000000,0.0
36007000000,0.0
36008000000,0.0
36009000000,0.0
36010000000,0.0
36011000000,0.0
36012000000,0.0
36013000000,0.0
36014000000,0.0
36015000000,0.0
36016000000,0.0
36017000000,0.0
36018000000,0.0
36019000000,0.0
36020000000,0.0
36021000000,0.0
36022000000,0.0
36023000000,0.0
36024000000,0.0
36025000000,0.0
36026000000,0.0
36027000000,0.0
36028000000,0.0
36029000000,0.0
36030000000,0.0
36031000000,0.0
36032000000,0.0
36033000000,0.0
36034000000,0.0
36035000000,0.0
36036000000,0.0
36037000000,0.0
36038000000,0.0
36039000000,0.0
36040000000,0.0
36041000000,0.0
36042000000,0.0
36043000000,0.0
36044000000,0.0
36045000000,0.0
36046000000,0.0
36047000000,0.0
36048000000,0.0
36049000000,0.0
36050000000,0.0
36051000000,0.0
36052000000,0.0
36053000000,0.0
36054000000,0.0
36055000000,0.0
36056000000,0.0
36057000000,0.0
36058000000,0.0
36059000000,0.0
36060000000,0.0
36061000000,0.0
36062000000,0.0
36063000000,0.0
36064000000,0.0
36065000000,0.0
36066000000,0.0
36067000000,0.0
36068000000,0.0
36069000000,0.0
36070000000,0.0
36071000000,0.0
36072000000,0.0
36073000000,0.0
36074000000,0.0
36075000000,0.0
36076000000,0.0
36077000000,0.0
36078000000,0.0
36079000000,0.0
36080000000,0.0
36081000000,0.0
36082000000,0.0
36083000000,0.0
36084000000,0.0
36085000000,0.0
36086000000,0.0
36087000000,0.0
36088000000,0.0
36089000000,0.0
36090000000,0.0
36091000000,0.0
36092000000,0.0
36093000000,0.0
36094000000,0.0
36095000000,0.0
36096000000,0.0
36097000000,0.0
36098000000,0.0
36099000000,0.0
36100000000,0.0
36101000000,0.0
36102000000,0.0
36103000000,0.0
36104000000,0.0
36105000000,0.0
36106000000,0.0
36107000000,0.0
36108000000,0.0
36109000000,0.0
36110000000,0.0
36111000000,0.0
36112000000,0.0
36113000000,0.0
36114000000,0.0
36115000000,0.0
36116000000,0.0
36117000000,0.0
36118000000,0.0
36119000000,0.0
36120000000,0.0
36121000000,0.0
36122000000,0.0
36123000000,0.0
36124000000,0.0
36125000000,0.0
36125000000,0.0
36127000000,0.0
36128000000,0.0
36129000000,0.0
36130000000,0.0
36131000000,0.0
36132000000,0.0
36133000000,0.0
36134000000,0.0
36135000000,0.0
36136000000,0.0
36137000000,0.0
36138000000,0.0
36139000000,0.0
36140000000,0.0
36141000000,0.0
36142000000,0.0
36143000000,0.0
36144000000,0.0
36145000000,0.0
36146000000,0.0
36147000000,0.0
36148000000,0.0
36149000000,0.0
36149000000,0.0
36149000000,0.0
36152000000,0.0
36152000000,0.0
36153000000,0.0
36155000000,0.0
36156000000,0.0
36157000000,0.0
36158000000,0.0
36159000000,0.0
36160000000,0.0
36161000000,0.0
36162000000,0.0
36163000000,0.0
36164000000,0.0
36165000000,0.0
36166000000,0.0
36167000000,0.0
36168000000,0.0
36169000000,0.0
36170000000,0.0
36171000000,0.0
36172000000,0.0
36173000000,0.0
36174000000,0.0
36175000000,0.0
36176000000,0.0
36177000000,0.0
36178000000,0.0
36179000000,0.0
36180000000,0.0
36181000000,0.0
36182000000,0.0
36183000000,0.0
36184000000,0.0
36185000000,0.0
36186000000,0.0
36187000000,0.0
36188000000,0.0
36189000000,0.0
36190000000,0.0
36191000000,0.0
36192000000,0.0
36193000000,0.0
36194000000,0.0
36195000000,0.0
36196000000,0.0
36197000000,0.0
36198000000,0.0
36199000000,0.0
36200000000,0.0
36201000000,0.0
36202000000,0.0
36203000000,0.0
36204000000,0.0
36205000000,0.0
36206000000,0.0
36207000000,0.0
36208000000,0.0
36209000000,0.0
36210000000,0.0
36212000000,0.0
36212000000,0.0
36213000000,0.0
36214000000,0.0
36215000000,0.0
36216000000,0.0
36217000000,0.0
36218000000,0.0
36219000000,0.0
36220000000,0.0
36221000000,0.0
36222000000,0.0
36223000000,0.0
36224000000,0.0
36225000000,0.0
36226000000,0.0
36227000000,0.0
36228000000,0.0
36229000000,0.0
36230000000,0.0
36231000000,0.0
36232000000,0.0
36233000000,0.0
36234000000,0.0
36235000000,0.0
36236000000,0.0
36237000000,0.0
36238000000,0.0
36239000000,0.0
36240000000,0.0
36241000000,0.0
36242000000,0.0
36243000000,0.0
36244000000,0.0
36245000000,0.0
36246000000,0.0
36247000000,0.0
36248000000,0.0
36249000000,0.0
36250000000,0.0
36251000000,0.0
36252000000,0.0
36253000000,0.0
36254000000,0.0
36255000000,0.0
36256000000,0.0
36257000000,0.0
36258000000,0.0
36259000000,0.0
36260000000,0.0
36261000000,0.0
36262000000,0.0
36263000000,0.0
36264000000,0.0
36265000000,0.0
36266000000,0.0
36267000000,0.0
36268000000,0.0
36269000000,0.0
36270000000,0.0
36271000000,0.0
36272000000,0.0
36273000000,0.0
36274000000,0.0
36275000000,0.0
36276000000,0.0
36277000000,0.0
36278000000,0.0
36279000000,0.0
36280000000,0.0
36281000000,0.0
36282000000,0.0
36283000000,0.0
36284000000,0.0
36285000000,0.0
36286000000,0.0
36287000000,0.0
36288000000,0.0
36289000000,0.0
36290000000,0.0
36291000000,0.0
36292000000,0.0
36293000000,0.0
36294000000,0.0
36295000000,0.0
36296000000,0.0
36297000000,0.0
36298000000,0.0
36299000000,0.0
36300000000,0.0
36301000000,0.0
36302000000,0.0
36303000000,0.0
36304000000,0.0
36305000000,0.0
36306000000,0.0
36307000000,0.0
36308000000,0.0
36309000000,0.0
36310000000,0.0
36311000000,0.0
36312000000,0.0
36313000000,0.0
36314000000,0.0
36315000000,0.0
36316000000,0.0
36317000000,0.0
36318000000,0.0
36319000000,0.0
36320000000,0.0
36321000000,0.0
36322000000,0.0
36323000000,0.0
36324000000,0.0
36325000000,0.0
36326000000,0.0
36327000000,0.0
36328000000,0.0
36329000000,0.0
36330000000,0.0
36331000000,3.648926117840796e-11
36332000000,0.0
36333000000,0.0
36334000000,0.0
36335000000,0.0
36336000000,0.0
36337000000,0.0
36338000000,0.0
36339000000,0.0
36340000000,0.0
36341000000,0.0
36342000000,0.0
36343000000,0.0
36344000000,0.0
36345000000,0.0
36346000000,0.0
36347000000,0.0
36348000000,0.0
36349000000,0.0
36350000000,0.0
36351000000,0.0
36352000000,0.0
36353000000,0.0
36354000000,0.0
36355000000,0.0
36356000000,0.0
36357000000,0.0
36358000000,0.0
36359000000,0.0
36360000000,0.0
36361000000,0.0
36362000000,0.0
36363000000,0.0
36364000000,0.0
36365000000,0.0
36366000000,0.0
36367000000,0.0
36368000000,0.0
36369000000,0.0
36370000000,0.0
36371000000,0.0
36372000000,0.0
36373000000,0.0
36374000000,0.0
36375000000,0.0
36376000000,0.0
36377000000,0.0
36378000000,0.0
36379000000,0.0
36380000000,0.0
36381000000,0.0
36382000000,0.0
36383000000,0.0
36384000000,0.0
36385000000,0.0
36386000000,0.0
36387000000,0.0
36388000000,0.0
36389000000,0.0
36390000000,0.0
36391000000,0.0
36392000000,0.0
36393000000,0.0
36394000000,0.0
36395000000,0.0
36396000000,0.0
36397000000,0.0
36398000000,0.0
36399000000,0.0
36400000000,0.0
36401000000,0.0
36402000000,0.0
36403000000,0.0
36404000000,0.0
36405000000,0.0
36406000000,0.0
36407000000,0.0
36408000000,0.0
36409000000,0.0
36410000000,0.0
36411000000,0.0
36412000000,0.0
36413000000,0.0
36414000000,0.0
36415000000,0.0
36416000000,0.0
36417000000,0.0
36418000000,0.0
36419000000,0.0
36420000000,0.0
36421000000,0.0
36422000000,0.0
36423000000,0.0
36424000000,0.0
36425000000,0.0
36426000000,0.0
36427000000,0.0
36428000000,0.0
36429000000,0.0
36430000000,0.0
36431000000,0.0
36432000000,0.0
36433000000,0.0
36434000000,0.0
36435000000,0.0
36436000000,0.0
36437000000,0.0
36438000000,0.0
36439000000,0.0
36440000000,0.0
36441000000,0.0
36442000000,0.0
36443000000,0.0
36444000000,0.0
36445000000,0.0
36446000000,0.0
36447000000,0.0
36448000000,0.0
36449000000,0.0
36450000000,0.0
36451000000,0.0
36452000000,0.0
36453000000,0.0
36454000000,0.0
36455000000,0.0
36456000000,0.0
36457000000,0.0
36458000000,0.0
36459000000,0.0
36460000000,0.0
36461000000,0.0
36462000000,0.0
36463000000,0.0
36464000000,0.0
36465000000,0.0
36466000000,0.0
36467000000,0.0
36468000000,0.0
36469000000,0.0
36470000000,0.0
36471000000,0.0
36472000000,0.0
36473000000,0.0
36474000000,0.0
36475000000,0.0
36476000000,0.0
36477000000,0.0
36478000000,0.0
36479000000,0.0
36480000000,0.0
36481000000,0.0
36482000000,0.0
36483000000,0.0
36484000000,0.0
36485000000,0.0
36486000000,0.0
36487000000,0.0
36488000000,0.0
36489000000,0.0
36490000000,0.0
36491000000,0.0
36492000000,0.0
36493000000,0.0
36494000000,0.0
36495000000,0.0
36496000000,0.0
36497000000,0.0
36498000000,0.0
36499000000,0.0
36500000000,0.0
36501000000,0.0
36502000000,0.0
36503000000,0.0
36504000000,0.0
36505000000,0.0
36506000000,0.0
36507000000,0.0
36508000000,0.0
36509000000,0.0
36510000000,0.0
36511000000,0.0
36512000000,0.0
36513000000,0.0
36514000000,0.0
36515000000,0.0
36516000000,0.0
36517000000,0.0
36518000000,0.0
36519000000,0.0
36520000000,0.0
36521000000,0.0
36522000000,0.0
36523000000,0.0
36524000000,0.0
36525000000,0.0
36526000000,0.0
36527000000,0.0
36528000000,0.0
36529000000,0.0
36530000000,0.0
36531000000,0.0
36532000000,0.0
36533000000,0.0
36534000000,0.0
36535000000,0.0
36536000000,0.0
36537000000,0.0
36538000000,0.0
36539000000,0.0
36540000000,0.0
36541000000,0.0
36542000000,0.0
36543000000,0.0
36544000000,0.0
36545000000,0.0
36546000000,0.0
36547000000,0.0
36548000000,0.0
36549000000,0.0
36550000000,0.0
36551000000,0.0
36552000000,0.0
36553000000,0.0
36554000000,0.0
36555000000,0.0
36556000000,0.0
36557000000,0.0
36558000000,0.0
36559000000,0.0
36560000000,0.0
36561000000,0.0
36562000000,0.0
36563000000,0.0
36564000000,0.0
36565000000,0.0
36566000000,0.0
36567000000,0.0
36568000000,0.0
36569000000,0.0
36570000000,0.0
36571000000,0.0
36572000000,0.0
36573000000,0.0
36574000000,0.0
36575000000,0.0
36576000000,0.0
36577000000,0.0
36578000000,0.0
36579000000,0.0
36580000000,0.0
36581000000,0.0
36582000000,0.0
36583000000,0.0
36584000000,0.0
36585000000,0.0
36586000000,0.0
36587000000,0.0
36588000000,0.0
36589000000,0.0
36590000000,0.0
36591000000,0.0
36592000000,0.0
36593000000,0.0
36594000000,0.0
36595000000,0.0
36596000000,0.0
36597000000,0.0
36598000000,0.0
36599000000,0.0
36600000000,0.0
36601000000,0.0
36602000000,0.0
36603000000,0.0
36604000000,0.0
36605000000,0.0
36606000000,0.0
36607000000,0.0
36608000000,0.0
36609000000,0.0
36610000000,0.0
36611000000,0.0
36612000000,0.0
36613000000,0.0
36614000000,0.0
36615000000,0.0
36616000000,0.0
36617000000,0.0
36618000000,0.0
36619000000,0.0
36620000000,0.0
36621000000,0.0
36622000000,0.0
36623000000,0.0
36624000000,0.0
36625000000,0.0
36626000000,0.0
36627000000,0.0
36628000000,0.0
36629000000,0.0
36630000000,0.0
36631000000,0.0
36632000000,0.0
36633000000,0.0
36634000000,0.0
36635000000,0.0
36636000000,0.0
36637000000,0.0
36638000000,0.0
36639000000,0.0
36640000000,0.0
36641000000,0.0
36642000000,0.0
36643000000,0.0
36644000000,0.0
36645000000,0.0
36646000000,0.0
36647000000,0.0
36648000000,0.0
36649000000,0.0
36650000000,0.0
36651000000,0.0
36652000000,0.0
36653000000,0.0
36654000000,0.0
36655000000,0.0
36656000000,0.0
36657000000,0.0
36658000000,0.0
36659000000,0.0
36660000000,0.0
36661000000,0.0
36662000000,0.0
36663000000,0.0
36664000000,0.0
36665000000,0.0
36666000000,0.0
36667000000,0.0
36667000000,0.0
36669000000,0.0
36670000000,0.0
36671000000,0.0
36672000000,0.0
36673000000,0.0
36674000000,0.0
36675000000,0.0
36676000000,0.0
36677000000,0.0
36678000000,0.0
36679000000,0.0
36680000000,0.0
36681000000,0.0
36682000000,0.0
36683000000,0.0
36684000000,0.0
36685000000,0.0
36686000000,0.0
36687000000,0.0
36688000000,0.0
36689000000,0.0
36690000000,0.0
36691000000,0.0
36692000000,0.0
36693000000,0.0
36694000000,0.0
36695000000,0.0
36696000000,0.0
36697000000,0.0
36698000000,0.0
36699000000,0.0
36700000000,0.0
36701000000,0.0
36702000000,0.0
36703000000,0.0
36704000000,0.0
36705000000,0.0
36706000000,0.0
36707000000,0.0
36708000000,0.0
36709000000,0.0
36710000000,0.0
36711000000,0.0
36712000000,0.0
36713000000,0.0
36714000000,0.0
36715000000,0.0
36716000000,0.0
36717000000,0.0
36718000000,0.0
36719000000,0.0
36720000000,0.0
36721000000,0.0
36722000000,0.0
36723000000,0.0
36724000000,0.0
36725000000,0.0
36726000000,0.0
36727000000,0.0
36728000000,0.0
36729000000,0.0
36730000000,0.0
36731000000,0.0
36732000000,0.0
36733000000,0.0
36734000000,0.0
36735000000,0.0
36736000000,0.0
36737000000,0.0
36738000000,0.0
36739000000,0.0
36740000000,0.0
36741000000,0.0
36742000000,0.0
36743000000,0.0
36744000000,0.0
36745000000,0.0
36746000000,0.0
36747000000,0.0
36748000000,0.0
36749000000,0.0
36750000000,0.0
36751000000,0.0
36752000000,0.0
36753000000,0.0
36754000000,0.0
36755000000,0.0
36756000000,0.0
36757000000,0.0
36758000000,0.0
36759000000,0.0
36760000000,0.0
36761000000,0.0
36762000000,0.0
36763000000,0.0
36764000000,0.0
36765000000,0.0
36766000000,0.0
36767000000,0.0
36768000000,0.0
36769000000,0.0
36770000000,0.0
36771000000,0.0
36772000000,0.0
36773000000,0.0
36774000000,0.0
36775000000,0.0
36776000000,0.0
36777000000,0.0
36778000000,0.0
36779000000,0.0
36780000000,0.0
36781000000,0.0
36782000000,0.0
36783000000,0.0
36784000000,0.0
36785000000,0.0
36786000000,0.0
36787000000,0.0
36788000000,0.0
36789000000,0.0
36790000000,0.0
36791000000,0.0
36792000000,0.0
36793000000,0.0
36794000000,0.0
36795000000,0.0
36796000000,0.0
36797000000,0.0
36798000000,0.0
36799000000,0.0
36800000000,0.0
36801000000,0.0
36802000000,0.0
36803000000,0.0
36804000000,0.0
36805000000,0.0
36806000000,0.0
36807000000,0.0
36808000000,0.0
36809000000,0.0
36810000000,0.0
36811000000,0.0
36812000000,0.0
36813000000,0.0
36814000000,0.0
36815000000,0.0
36816000000,0.0
36817000000,0.0
36818000000,0.0
36819000000,0.0
36820000000,0.0
36821000000,0.0
36822000000,0.0
36823000000,0.0
36824000000,0.0
36825000000,0.0
36826000000,0.0
36827000000,0.0
36828000000,0.0
36829000000,0.0
36830000000,0.0
36831000000,0.0
36832000000,0.0
36833000000,0.0
36834000000,0.0
36835000000,0.0
36836000000,0.0
36837000000,0.0
36838000000,0.0
36839000000,0.0
36840000000,0.0
36841000000,0.0
36842000000,0.0
36843000000,0.0
36844000000,0.0
36845000000,0.0
36846000000,0.0
36847000000,0.0
36848000000,0.0
36849000000,0.0
36850000000,0.0
36851000000,0.0
36852000000,0.0
36853000000,0.0
36854000000,0.0
36855000000,0.0
36856000000,0.0
36857000000,0.0
36858000000,0.0
36859000000,0.0
36860000000,0.0
36861000000,0.0
36862000000,0.0
36863000000,0.0
36864000000,0.0
36865000000,0.0
36866000000,0.0
36867000000,0.0
36868000000,0.0
36869000000,0.0
36870000000,0.0
36871000000,0.0
36872000000,0.0
36873000000,0.0
36874000000,0.0
36875000000,0.0
36876000000,0.0
36877000000,0.0
36878000000,0.0
36879000000,0.0
36880000000,0.0
36881000000,0.0
36882000000,0.0
36883000000,0.0
36884000000,0.0
36885000000,0.0
36886000000,0.0
36887000000,0.0
36888000000,0.0
36889000000,0.0
36890000000,0.0
36891000000,0.0
36892000000,0.0
36893000000,0.0
36894000000,0.0
36895000000,0.0
36896000000,0.0
36897000000,0.0
36898000000,0.0
36899000000,0.0
36900000000,0.0
36901000000,0.0
36902000000,0.0
36903000000,0.0
36904000000,0.0
36905000000,0.0
36906000000,0.0
36907000000,0.0
36908000000,0.0
36909000000,0.0
36910000000,0.0
36911000000,0.0
36912000000,0.0
36913000000,0.0
36914000000,0.0
36915000000,0.0
36916000000,0.0
36917000000,0.0
36918000000,0.0
36919000000,0.0
36920000000,0.0
36921000000,0.0
36922000000,0.0
36923000000,0.0
36924000000,0.0
36925000000,0.0
36926000000,0.0
36927000000,0.0
36928000000,0.0
36929000000,0.0
36930000000,0.0
36931000000,0.0
36932000000,0.0
36933000000,0.0
36934000000,0.0
36935000000,0.0
36936000000,0.0
36937000000,0.0
36938000000,0.0
36939000000,0.0
36940000000,0.0
36941000000,0.0
36942000000,0.0
36943000000,0.0
36944000000,0.0
36945000000,0.0
36946000000,0.0
36947000000,0.0
36948000000,0.0
36949000000,0.0
36950000000,0.0
36951000000,0.0
36952000000,0.0
36953000000,0.0
36954000000,0.0
36955000000,0.0
36956000000,0.0
36957000000,0.0
36958000000,0.0
36959000000,0.0
36960000000,0.0
36961000000,0.0
36962000000,0.0
36963000000,0.0
36964000000,0.0
36965000000,0.0
36966000000,0.0
36967000000,0.0
36968000000,0.0
36969000000,0.0
36970000000,0.0
36971000000,0.0
36972000000,0.0
36973000000,0.0
36974000000,0.0
36975000000,0.0
36976000000,0.0
36977000000,0.0
36978000000,0.0
36979000000,0.0
36980000000,0.0
36981000000,0.0
36982000000,0.0
36983000000,0.0
36984000000,0.0
36985000000,0.0
36986000000,0.0
36987000000,0.0
36988000000,0.0
36989000000,0.0
36990000000,0.0
36991000000,0.0
36992000000,0.0
36993000000,0.0
36994000000,0.0
36995000000,0.0
36996000000,0.0
36997000000,0.0
36998000000,0.0
36999000000,0.0
37000000000,0.0
37001000000,0.0
37002000000,0.0
37003000000,0.0
37004000000,0.0
37005000000,0.0
37006000000,0.0
37007000000,0.0
37008000000,0.0
37009000000,0.0
37010000000,0.0
37011000000,0.0
37012000000,0.0
37013000000,0.0
37014000000,0.0
37015000000,0.0
37016000000,0.0
37017000000,0.0
37018000000,0.0
37019000000,0.0
37020000000,0.0
37021000000,0.0
37022000000,0.0
37023000000,0.0
37024000000,0.0
37025000000,0.0
37026000000,0.0
37027000000,0.0
37028000000,0.0
37029000000,0.0
37030000000,0.0
37031000000,0.0
37032000000,0.0
37033000000,0.0
37034000000,0.0
37035000000,0.0
37036000000,0.0
37037000000,0.0
37038000000,0.0
37039000000,0.0
37040000000,0.0
37041000000,0.0
37042000000,0.0
37043000000,0.0
37044000000,0.0
37045000000,0.0
37046000000,0.0
37047000000,0.0
37048000000,0.0
37049000000,0.0
37050000000,0.0
37051000000,0.0
37052000000,0.0
37053000000,0.0
37054000000,0.0
37055000000,0.0
37056000000,0.0
37057000000,0.0
37058000000,0.0
37059000000,0.0
37060000000,0.0
37061000000,0.0
37062000000,0.0
37063000000,0.0
37064000000,0.0
37065000000,0.0
37066000000,0.0
37067000000,0.0
37068000000,0.0
37069000000,0.0
37070000000,0.0
37071000000,0.0
37072000000,0.0
37073000000,0.0
37074000000,0.0
37075000000,0.0
37076000000,0.0
37077000000,0.0
37078000000,0.0
37079000000,0.0
37080000000,0.0
37081000000,0.0
37082000000,0.0
37083000000,0.0
37084000000,0.0
37085000000,0.0
37086000000,0.0
37087000000,0.0
37088000000,0.0
37089000000,0.0
37090000000,0.0
37091000000,0.0
37092000000,0.0
37093000000,0.0
37094000000,0.0
37095000000,0.0
37096000000,0.0
37097000000,0.0
37098000000,0.0
37099000000,0.0
37100000000,0.0
37101000000,0.0
37102000000,0.0
37103000000,0.0
37104000000,0.0
37105000000,0.0
37106000000,0.0
37107000000,0.0
37108000000,0.0
37109000000,0.0
37110000000,0.0
37111000000,0.0
37112000000,0.0
37113000000,0.0
37114000000,0.0
37115000000,0.0
37116000000,0.0
37117000000,-0.0
37118000000,0.0
37119000000,0.0
37120000000,0.0
37121000000,0.0
37122000000,0.0
37123000000,0.0
37124000000,0.0
37125000000,0.0
37126000000,-0.0
37127000000,0.0
37128000000,0.0
37129000000,-0.0
37130000000,0.0
37131000000,0.0
37132000000,-0.0
37133000000,0.0
37134000000,0.0
37135000000,0.0
37136000000,0.0
37137000000,0.0
37138000000,-0.0
37139000000,0.0
37140000000,0.0
37141000000,0.0
37142000000,0.0
37143000000,0.0
37144000000,-0.0
37145000000,0.0
37146000000,0.0
37147000000,0.0
37148000000,0.0
37149000000,0.0
37150000000,0.0
37151000000,0.0
37152000000,0.0
37153000000,0.0
37154000000,0.0
37155000000,0.0
37156000000,-0.0
37157000000,0.0
37158000000,0.0
37159000000,-0.0
37160000000,0.0
37161000000,0.0
37162000000,0.0
37163000000,0.0
37164000000,0.0
37165000000,-0.0
37166000000,0.0
37167000000,0.0
37168000000,0.0
37169000000,-0.0
37170000000,0.0
37171000000,-0.0
37172000000,0.0
37173000000,0.0
37174000000,0.0
37175000000,-0.0
37176000000,0.0
37177000000,-0.0
37178000000,0.0
37179000000,0.0
37180000000,0.0
37181000000,-0.0
37182000000,0.0
37183000000,0.0
37184000000,-0.0
37185000000,0.0
37186000000,0.0
37187000000,-0.0
37188000000,-0.0
37189000000,-0.0
37190000000,-0.0
37191000000,0.0
37192000000,0.0
37193000000,-0.0
37194000000,0.0
37195000000,-0.0
37196000000,0.0
37197000000,0.0
37198000000,-0.0
37199000000,-0.0
37200000000,-0.0
37201000000,0.0
37202000000,0.0
37203000000,0.0
37204000000,-0.0
37205000000,0.0
37206000000,-0.0
37207000000,0.0
37208000000,0.0
37209000000,-0.0
37210000000,0.0
37211000000,-0.0
37212000000,0.0
37213000000,-0.0
37214000000,-0.0
37215000000,0.0
37216000000,0.0
37217000000,-0.0
37218000000,-0.0
37219000000,-0.0
37220000000,-0.0
37221000000,0.0
37222000000,0.0
37223000000,0.0
37224000000,-0.0
37225000000,0.0
37226000000,0.0
37227000000,0.0
37228000000,-0.0
37229000000,0.0
37230000000,-0.0
37231000000,0.0
37232000000,0.0
37233000000,-0.0
37234000000,0.0
37235000000,-0.0
37236000000,-0.0
37237000000,-0.0
37238000000,0.0
37239000000,-0.0
37240000000,0.0
37241000000,-0.0
37242000000,0.0
37243000000,0.0
37244000000,-0.0
37245000000,0.0
37246000000,-0.0
37247000000,0.0
37248000000,-0.0
37249000000,0.0
37250000000,0.0
37251000000,-0.0
37252000000,0.0
37253000000,0.0
37254000000,-0.0
37255000000,-0.0
37256000000,-0.0
37257000000,0.0
37258000000,0.0
37259000000,0.0
37260000000,0.0
37261000000,-0.0
37262000000,0.0
37263000000,0.0
37264000000,-0.0
37265000000,0.0
37266000000,0.0
37267000000,-0.0
37268000000,0.0
37269000000,0.0
37270000000,0.0
37271000000,-0.0
37272000000,0.0
37273000000,0.0
37274000000,-0.0
37275000000,0.0
37276000000,-0.0
37277000000,0.0
37278000000,-0.0
37279000000,-0.0
37280000000,0.0
37281000000,0.0
37282000000,0.0
37283000000,0.0
37284000000,-0.0
37285000000,0.0
37286000000,0.0
37287000000,0.0
37288000000,0.0
37289000000,0.0
37290000000,0.0
37291000000,-0.0
37292000000,-0.0
37293000000,0.0
37294000000,0.0
37295000000,0.0
37296000000,0.0
37297000000,-0.0
37298000000,0.0
37299000000,0.0
37300000000,-0.0
37301000000,-0.0
37302000000,-0.0
37303000000,0.0
37304000000,-0.0
37305000000,0.0
37306000000,0.0
37307000000,-0.0
37308000000,0.0
37309000000,-0.0
37310000000,0.0
37311000000,-0.0
37312000000,0.0
37313000000,-0.0
37314000000,0.0
37315000000,-0.0
37316000000,-0.0
37317000000,0.0
37318000000,0.0
37319000000,0.0
37320000000,0.0
37321000000,-0.0
37322000000,0.0
37323000000,0.0
37324000000,-0.0
37325000000,-0.0
37326000000,0.0
37327000000,-0.0
37328000000,-0.0
37329000000,0.0
37330000000,-0.0
37331000000,0.0
37332000000,-0.0
37333000000,-0.0
37334000000,0.0
37335000000,-0.0
37336000000,-0.0
37337000000,0.0
37338000000,0.0
37339000000,0.0
37340000000,0.0
37341000000,-0.0
37342000000,0.0
37343000000,0.0
37344000000,-0.0
37345000000,0.0
37346000000,0.0
37347000000,-0.0
37348000000,-0.0
37349000000,-0.0
37350000000,-0.0
37351000000,-0.0
37352000000,-0.0
37353000000,-0.0
37354000000,0.0
37355000000,-0.0
37356000000,0.0
37357000000,0.0
37358000000,0.0
37359000000,-0.0
37360000000,-0.0
37361000000,0.0
37362000000,0.0
37363000000,-0.0
37364000000,0.0
37365000000,0.0
37366000000,-0.0
37367000000,0.0
37368000000,0.0
37369000000,-0.0
37370000000,0.0
37371000000,0.0
37372000000,-0.0
37373000000,0.0
37374000000,-0.0
37375000000,-0.0
37376000000,0.0
37377000000,-0.0
37378000000,0.0
37379000000,0.0
37380000000,0.0
37381000000,0.0
37382000000,-0.0
37383000000,0.0
37384000000,-0.0
37385000000,-0.0
37386000000,-0.0
37387000000,-0.0
37388000000,0.0
37389000000,0.0
37390000000,0.0
37391000000,-0.0
37392000000,-0.0
37393000000,0.0
37394000000,0.0
37395000000,0.0
37396000000,0.0
37397000000,-0.0
37398000000,-0.0
37399000000,0.0
37400000000,-0.0
37401000000,-0.0
37402000000,-0.0
37403000000,-0.0
37404000000,0.0
37405000000,-0.0
37406000000,0.0
37407000000,0.0
37408000000,0.0
37409000000,0.0
37410000000,-0.0
37411000000,0.0
37412000000,-0.0
37413000000,0.0
37414000000,0.0
37415000000,0.0
37416000000,-0.0
37417000000,-0.0
37418000000,0.0
37419000000,0.0
37420000000,-0.0
37421000000,-0.0
37422000000,0.0
37423000000,-0.0
37424000000,-0.0
37425000000,0.0
37426000000,-0.0
37427000000,0.0
37428000000,-0.0
37429000000,-0.0
37430000000,0.0
37431000000,0.0
37432000000,0.0
37433000000,-0.0
37434000000,0.0
37435000000,0.0
37436000000,-0.0
37437000000,-0.0
37438000000,0.0
37439000000,-0.0
37440000000,0.0
37441000000,0.0
37442000000,0.0
37443000000,-0.0
37444000000,0.0
37445000000,0.0
37446000000,0.0
37447000000,-0.0
37448000000,-0.0
37449000000,-0.0
37450000000,-0.0
37451000000,-0.0
37452000000,-0.0
37453000000,-0.0
37454000000,-0.0
37455000000,0.0
37456000000,0.0
37457000000,0.0
37458000000,-0.0
37459000000,0.0
37460000000,-0.0
37461000000,0.0
37462000000,0.0
37463000000,-0.0
37464000000,-0.0
37465000000,0.0
37466000000,-0.0
37467000000,0.0
37468000000,-0.0
37469000000,0.0
37470000000,0.0
37471000000,-0.0
37472000000,0.0
37473000000,0.0
37474000000,-0.0
37475000000,0.0
37476000000,-0.0
37477000000,-0.0
37478000000,-0.0
37479000000,-0.0
37480000000,0.0
37481000000,-0.0
37482000000,0.0
37483000000,0.0
37484000000,-0.0
37485000000,0.0
37486000000,-0.0
37487000000,0.0
37488000000,0.0
37489000000,-0.0
37490000000,-0.0
37491000000,0.0
37492000000,-0.0
37493000000,0.0
37494000000,0.0
37495000000,0.0
37496000000,0.0
37497000000,0.0
37498000000,-0.0
37499000000,0.0
37500000000,-0.0
37501000000,0.0
37502000000,-0.0
37503000000,-0.0
37504000000,0.0
37505000000,-0.0
37506000000,0.0
37507000000,0.0
37508000000,-0.0
37509000000,0.0
37510000000,-0.0
37511000000,0.0
37512000000,-0.0
37513000000,0.0
37514000000,-0.0
37515000000,0.0
37516000000,0.0
37517000000,0.0
37518000000,0.0
37519000000,-0.0
37520000000,-0.0
37521000000,0.0
37522000000,0.0
37523000000,0.0
37524000000,0.0
37525000000,0.0
37526000000,-0.0
37527000000,-0.0
37528000000,0.0
37529000000,0.0
37530000000,0.0
37531000000,0.0
37532000000,0.0
37533000000,0.0
37534000000,0.0
37535000000,0.0
37536000000,0.0
37537000000,0.0
37538000000,0.0
37539000000,0.0
37540000000,-0.0
37541000000,-0.0
37542000000,0.0
37543000000,-0.0
37544000000,-0.0
37545000000,-0.0
37546000000,0.0
37547000000,-0.0
37548000000,-0.0
37549000000,-0.0
37550000000,-0.0
37551000000,0.0
37552000000,0.0
37553000000,0.0
37554000000,0.0
37555000000,0.0
37556000000,0.0
37557000000,0.0
37558000000,0.0
37559000000,-0.0
37560000000,-0.0
37561000000,-0.0
37562000000,0.0
37563000000,0.0
37564000000,0.0
37565000000,-0.0
37566000000,-0.0
37567000000,-0.0
37568000000,0.0
37569000000,0.0
37570000000,0.0
37571000000,-0.0
37572000000,0.0
37573000000,0.0
37574000000,-0.0
37575000000,-0.0
37576000000,0.0
37577000000,0.0
37578000000,0.0
37579000000,0.0
37580000000,-0.0
37581000000,-0.0
37582000000,-0.0
37583000000,0.0
37584000000,-0.0
37585000000,-0.0
37586000000,-0.0
37587000000,0.0
37588000000,0.0
37589000000,-0.0
37590000000,0.0
37591000000,-0.0
37592000000,-0.0
37593000000,-0.0
37594000000,0.0
37595000000,0.0
37596000000,0.0
37597000000,-0.0
37598000000,0.0
37599000000,-0.0
37600000000,-0.0
37601000000,-0.0
37602000000,0.0
37603000000,0.0
37604000000,0.0
37605000000,-0.0
37606000000,-0.0
37607000000,-0.0
37608000000,0.0
37609000000,0.0
37610000000,0.0
37611000000,-0.0
37612000000,-0.0
37613000000,0.0
37614000000,-0.0
37615000000,0.0
37616000000,0.0
37617000000,0.0
37618000000,-0.0
37619000000,-0.0
37620000000,0.0
37621000000,-0.0
37622000000,0.0
37623000000,0.0
37624000000,0.0
37625000000,-0.0
37626000000,0.0
37627000000,-0.0
37628000000,-0.0
37629000000,-0.0
37630000000,0.0
37631000000,-0.0
37632000000,0.0
37633000000,0.0
37634000000,-0.0
37635000000,0.0
37636000000,0.0
37637000000,-0.0
37638000000,0.0
37639000000,0.0
37640000000,-0.0
37641000000,-0.0
37642000000,-0.0
37643000000,-0.0
37644000000,-0.0
37645000000,0.0
37646000000,0.0
37647000000,0.0
37648000000,-0.0
37649000000,-0.0
37650000000,-0.0
37651000000,0.0
37652000000,0.0
37653000000,0.0
37654000000,-0.0
37655000000,-0.0
37656000000,0.0
37657000000,0.0
37658000000,0.0
37659000000,0.0
37660000000,0.0
37661000000,0.0
37662000000,0.0
37663000000,-0.0
37664000000,0.0
37665000000,0.0
37666000000,0.0
37667000000,0.0
37668000000,0.0
37669000000,0.0
37670000000,-0.0
37671000000,-0.0
37672000000,0.0
37673000000,-0.0
37674000000,-0.0
37675000000,0.0
37676000000,0.0
37677000000,-0.0
37678000000,-0.0
37679000000,-0.0
37680000000,-0.0
37681000000,0.0
37682000000,0.0
37683000000,-0.0
37684000000,0.0
37685000000,-0.0
37686000000,-0.0
37687000000,-0.0
37688000000,0.0
37689000000,0.0
37690000000,0.0
37691000000,0.0
37692000000,-0.0
37693000000,0.0
37694000000,0.0
37695000000,-0.0
37696000000,0.0
37697000000,-0.0
37698000000,-0.0
37699000000,-0.0
37700000000,0.0
37701000000,-0.0
37702000000,0.0
37703000000,0.0
37704000000,-0.0
37705000000,0.0
37706000000,-0.0
37707000000,0.0
37708000000,0.0
37709000000,0.0
37710000000,0.0
37711000000,-0.0
37712000000,0.0
37713000000,0.0
37714000000,0.0
37715000000,-0.0
37716000000,-0.0
37717000000,-0.0
37718000000,-0.0
37719000000,0.0
37720000000,-0.0
37721000000,0.0
37722000000,0.0
37723000000,0.0
37724000000,-0.0
37725000000,0.0
37726000000,0.0
37727000000,-0.0
37728000000,-0.0
37729000000,-0.0
37730000000,1.0323007586919891e-09
37731000000,1.1400583464240591e-09
37732000000,2.053909945498819e-09
37733000000,7.429272955827049e-10
37734000000,7.011215679574293e-10
37735000000,1.4042205015234457e-09
37736000000,3.9351561170644676e-10
37737000000,5.182124363681508e-10
37738000000,1.4402535392797864e-09
37739000000,4.1693015830964785e-10
37740000000,4.895626257194596e-10
37741000000,1.1931328588217262e-09
37742000000,3.149471794742983e-10
37743000000,3.7483891876215453e-10
37744000000,1.04055438371333e-09
37745000000,2.8926491754323867e-10
37746000000,2.939307313191418e-10
37747000000,7.316207640363432e-10
37748000000,1.1956497767583957e-10
37749000000,1.4437582343008863e-10
37750000000,5.16800367767185e-10
37751000000,8.286832937833425e-11
37752000000,9.99827768701948e-11
37753000000,4.0687329525620555e-10
37754000000,4.715433227672796e-11
37755000000,6.732876237289456e-11
37756000000,3.529005979505311e-10
37757000000,4.7460118612661454e-11
37758000000,5.248029649576201e-11
37759000000,2.0102528138531834e-10
37760000000,7.285775435815629e-12
37761000000,1.2979200725202483e-11
37762000000,1.5719191716654035e-10
37763000000,9.647455587786166e-12
37764000000,1.4090790878996005e-11
37765000000,1.2284422636073647e-10
37766000000,1.2996513463655532e-12
37767000000,3.4809965572044833e-12
37768000000,9.467400366100434e-11
37769000000,1.0528248127111188e-12
37770000000,2.405570013204102e-12
37771000000,6.035250909759886e-11
37772000000,1.2368655553949416e-15
37773000000,1.8122963132809735e-13
37774000000,4.794608743370336e-11
37775000000,5.721679528845339e-14
37776000000,3.023668013745881e-13
37777000000,3.441530817583477e-11
37778000000,-0.0
37779000000,-0.0
37780000000,2.1573444151420727e-11
37781000000,0.0
37782000000,0.0
37783000000,1.64831629506642e-11
37784000000,0.0
37785000000,0.0
37786000000,1.2475779991919436e-11
37787000000,-0.0
37788000000,-0.0
37789000000,7.732645680524854e-12
37790000000,-0.0
37791000000,0.0
37792000000,2.422000934287336e-12
37793000000,0.0
37794000000,0.0
37795000000,3.563763513869452e-12
37796000000,-0.0
37797000000,-0.0
37798000000,2.9834204574385962e-12
37799000000,-0.0
37800000000,-0.0
37801000000,1.1631635216186637e-12
37802000000,-0.0
37803000000,0.0
37804000000,1.2878669096009344e-12
37805000000,-0.0
37806000000,-0.0
37807000000,1.0991577869711294e-13
37808000000,0.0
37809000000,0.0
37810000000,2.1984090101007797e-13
37811000000,-0.0
37812000000,-0.0
37813000000,5.442413767757321e-13
37814000000,0.0
37815000000,0.0
37816000000,1.6757156679239816e-14
37817000000,-0.0
37818000000,0.0
37819000000,-0.0
37820000000,0.0
37821000000,-0.0
37822000000,-0.0
37823000000,0.0
37824000000,0.0
37825000000,1.6234407741075967e-14
37826000000,0.0
37827000000,0.0
37828000000,2.7215873393507266e-14
37829000000,0.0
37830000000,0.0
37831000000,-0.0
37832000000,-0.0
37833000000,0.0
37834000000,0.0
37835000000,0.0
37836000000,0.0
37837000000,0.0
37838000000,-0.0
37839000000,-0.0
37840000000,0.0
37841000000,0.0
37842000000,0.0
37843000000,0.0
37844000000,-0.0
37845000000,0.0
37846000000,0.0
37847000000,0.0
37848000000,0.0
37849000000,0.0
37850000000,0.0
37851000000,-0.0
37852000000,-0.0
37853000000,0.0
37854000000,0.0
37855000000,0.0
37856000000,-0.0
37857000000,0.0
37858000000,0.0
37859000000,0.0
37860000000,0.0
37861000000,0.0
37862000000,0.0
37863000000,-0.0
37864000000,-0.0
37865000000,0.0
37866000000,0.0
37867000000,0.0
37868000000,-0.0
37869000000,0.0
37870000000,-0.0
37871000000,-0.0
37872000000,0.0
37873000000,0.0
37874000000,-0.0
37875000000,0.0
37876000000,-0.0
37877000000,0.0
37878000000,-0.0
37879000000,0.0
37880000000,-0.0
37881000000,-0.0
37882000000,0.0
37883000000,0.0
37884000000,-0.0
37885000000,0.0
37886000000,0.0
37887000000,0.0
37888000000,0.0
37889000000,0.0
37890000000,0.0
37891000000,0.0
37892000000,0.0
37893000000,0.0
37894000000,0.0
37895000000,0.0
37896000000,0.0
37897000000,0.0
37898000000,0.0
37899000000,0.0
37900000000,-0.0
37901000000,-0.0
37902000000,0.0
37903000000,0.0
37904000000,-0.0
37905000000,0.0
37906000000,-0.0
37907000000,-0.0
37908000000,-0.0
37909000000,0.0
37910000000,-0.0
37911000000,-0.0
37912000000,-0.0
37913000000,0.0
37914000000,0.0
37915000000,0.0
37916000000,0.0
37917000000,-0.0
37918000000,-0.0
37919000000,0.0
37920000000,0.0
37921000000,0.0
37922000000,-0.0
37923000000,0.0
37924000000,0.0
37925000000,0.0
37926000000,-0.0
37927000000,0.0
37928000000,0.0
37929000000,0.0
37930000000,0.0
37931000000,0.0
37932000000,0.0
37933000000,-0.0
37934000000,-0.0
37935000000,0.0
37936000000,0.0
37937000000,-0.0
37938000000,-0.0
37939000000,-0.0
37940000000,-0.0
37941000000,0.0
37942000000,0.0
37943000000,-0.0
37944000000,-0.0
37945000000,-0.0
37946000000,0.0
37947000000,0.0
37948000000,-0.0
37949000000,0.0
37950000000,-0.0
37951000000,0.0
37952000000,-0.0
37953000000,0.0
37954000000,0.0
37955000000,-0.0
37956000000,-0.0
37957000000,-0.0
37958000000,0.0
37959000000,-0.0
37960000000,-0.0
37961000000,0.0
37962000000,-0.0
37963000000,-0.0
37964000000,-0.0
37965000000,0.0
37966000000,-0.0
37967000000,-0.0
37968000000,-0.0
37969000000,1.9037051711710317e-16
37970000000,-0.0
37971000000,0.0
37972000000,2.4211966027222335e-18
37973000000,-0.0
37974000000,0.0
37975000000,3.8651204125700747e-16
37976000000,-0.0
37977000000,0.0
37978000000,1.9215698917712304e-15
37979000000,-0.0
37980000000,-0.0
37981000000,2.3103887700442204e-18
37982000000,0.0
37983000000,-0.0
37984000000,1.2098016875513004e-15
37985000000,-0.0
37986000000,-0.0
37987000000,3.4921900770186257e-15
37988000000,-0.0
37989000000,0.0
37990000000,3.271458508470687e-16
37991000000,-0.0
37992000000,-0.0
37993000000,6.166099853791358e-15
37994000000,-0.0
37995000000,-0.0
37996000000,1.2177576938123805e-14
37997000000,0.0
37998000000,0.0
37999000000,2.413064021510101e-15
38000000000,-0.0
38001000000,-0.0
38002000000,1.4583560553639568e-14
38003000000,0.0
38004000000,-0.0
38005000000,2.78789163990598e-14
38006000000,-0.0
38007000000,-0.0
38008000000,4.5050221344701197e-14
38009000000,0.0
38010000000,0.0
38011000000,1.42626628301334e-14
38012000000,-0.0
38013000000,0.0
38014000000,3.797322339153737e-14
38015000000,0.0
38016000000,-0.0
38017000000,5.613528943382711e-14
38018000000,0.0
38019000000,0.0
38020000000,2.6657970169488065e-14
38021000000,-0.0
38022000000,-0.0
38023000000,7.043869096505709e-14
38024000000,0.0
38025000000,0.0
38026000000,9.746759706410668e-14
38027000000,-0.0
38028000000,0.0
38029000000,4.9032460405389434e-14
38030000000,0.0
38031000000,0.0
38032000000,1.0993725764655183e-13
38033000000,0.0
38034000000,-0.0
38035000000,1.5336534506426425e-13
38036000000,-0.0
38037000000,0.0
38038000000,1.9898959716197145e-13
38039000000,0.0
38040000000,0.0
38041000000,1.009268388181724e-13
38042000000,0.0
38043000000,-0.0
38044000000,1.7562225633800583e-13
38045000000,-0.0
38046000000,-0.0
38047000000,2.2501813539474683e-13
38048000000,0.0
38049000000,-0.0
38050000000,1.4124911026075402e-13
38051000000,0.0
38052000000,0.0
38053000000,2.5529291370125026e-13
38054000000,0.0
38055000000,0.0
38056000000,3.1484880124566416e-13
38057000000,-0.0
38058000000,-0.0
38059000000,4.041926503228116e-13
38060000000,-0.0
38061000000,0.0
38062000000,3.270004031523357e-13
38063000000,-0.0
38064000000,0.0
38065000000,4.1452423867321833e-13
38066000000,0.0
38067000000,-0.0
38068000000,5.095714154841714e-13
38069000000,-0.0
38070000000,-0.0
38071000000,3.089617924560078e-13
38072000000,-0.0
38073000000,0.0
38074000000,4.5472174905461713e-13
38075000000,-0.0
38076000000,0.0
38077000000,5.455131253954964e-13
38078000000,0.0
38079000000,0.0
38080000000,4.1000316860329427e-13
38081000000,0.0
38082000000,-0.0
38083000000,5.799696330707766e-13
38084000000,-0.0
38085000000,-0.0
38086000000,6.944449866381062e-13
38087000000,-0.0
38088000000,-0.0
38089000000,5.013735979255164e-13
38090000000,0.0
38091000000,0.0
38092000000,7.060112497810165e-13
38093000000,0.0
38094000000,0.0
38095000000,8.407160686454532e-13
38096000000,-0.0
38097000000,0.0
38098000000,9.898589321088703e-13
38099000000,0.0
38100000000,0.0
38101000000,6.529306460276846e-13
38102000000,-0.0
38103000000,0.0
38104000000,8.82756623419607e-13
38105000000,-0.0
38106000000,0.0
38107000000,1.0214926576621694e-12
38108000000,-0.0
38109000000,0.0
38110000000,7.531979755243874e-13
38111000000,-0.0
38112000000,0.0
38113000000,1.064056412364172e-12
38114000000,0.0
38115000000,0.0
38116000000,1.2064856855462361e-12
38117000000,-0.0
38118000000,0.0
38119000000,1.4093985441139615e-12
38120000000,0.0
38121000000,0.0
38122000000,1.1924369961349227e-12
38123000000,0.0
38124000000,0.0
38125000000,1.3804516519170678e-12
38126000000,0.0
38127000000,0.0
38128000000,1.5795225834514172e-12
38129000000,0.0
38130000000,0.0
38131000000,1.0853620345545547e-12
38132000000,0.0
38133000000,0.0
38134000000,1.3991816665778397e-12
38135000000,-0.0
38136000000,0.0
38137000000,1.5863964425283081e-12
38138000000,-0.0
38139000000,0.0
38140000000,1.201413748174433e-12
38141000000,0.0
38142000000,0.0
38143000000,1.6105414154699743e-12
38144000000,0.0
38145000000,0.0
38146000000,1.7915908194374417e-12
38147000000,0.0
38148000000,0.0
38149000000,1.0171761769619196e-16
38150000000,1.0185925563519303e-12
38151000000,0.0
38152000000,0.0
38153000000,7.163575221021691e-13
38154000000,0.0
38155000000,0.0
38156000000,2.744884838990281e-12
38157000000,-0.0
38158000000,0.0
38159000000,2.7506603205857693e-12
38160000000,-0.0
38161000000,0.0
38162000000,1.467961697876533e-12
38163000000,0.0
38164000000,0.0
38165000000,1.883111054234089e-12
38166000000,0.0
38167000000,0.0
38168000000,2.4057320976184486e-12
38169000000,0.0
38170000000,0.0
38171000000,1.8638451623322904e-12
38172000000,0.0
38173000000,0.0
38174000000,2.157786831590431e-12
38175000000,0.0
38176000000,0.0
38177000000,2.4107938164431193e-12
38178000000,0.0
38179000000,0.0
38180000000,1.94454074391859e-12
38181000000,0.0
38182000000,0.0
38183000000,2.3547327463656357e-12
38184000000,0.0
38185000000,0.0
38186000000,2.6036837749115905e-12
38187000000,0.0
38188000000,0.0
38189000000,1.7199836893908543e-12
38190000000,0.0
38191000000,0.0
38192000000,2.2904458418522296e-12
38193000000,0.0
38194000000,0.0
38195000000,2.502546779034946e-12
38196000000,0.0
38197000000,0.0
38198000000,2.8222781934706342e-12
38199000000,0.0
38200000000,0.0
38201000000,2.251529534535636e-12
38202000000,0.0
38203000000,0.0
38204000000,2.6610395149897036e-12
38205000000,0.0
38206000000,0.0
38207000000,2.9217598522393405e-12
38208000000,0.0
38209000000,0.0
38210000000,2.221260537706052e-12
38211000000,0.0
38212000000,0.0
38213000000,2.7697524529080324e-12
38214000000,0.0
38215000000,0.0
38216000000,2.9990716461772912e-12
38217000000,0.0
38218000000,0.0
38219000000,2.0974280566959216e-12
38220000000,0.0
38221000000,0.0
38222000000,2.5104614207116087e-12
38223000000,0.0
38224000000,0.0
38225000000,2.7867293832750246e-12
38226000000,0.0
38227000000,0.0
38228000000,3.081704695252781e-12
38229000000,0.0
38230000000,0.0
38231000000,2.5869320792384235e-12
38232000000,0.0
38233000000,0.0
38234000000,2.8774140011263884e-12
38235000000,0.0
38236000000,0.0
38237000000,3.1612784793639003e-12
38238000000,0.0
38239000000,0.0
38240000000,3.605034721752993e-12
38241000000,0.0
38242000000,2.717607641830662e-15
38243000000,4.756003160518109e-12
38244000000,0.0
38245000000,9.566249777438309e-15
38246000000,5.317661014591636e-12
38247000000,0.0
38248000000,2.3486691025889047e-14
38249000000,2.590607549542641e-12
38250000000,0.0
38250000000,0.0
38252000000,2.9136727084632928e-12
38253000000,0.0
38254000000,0.0
38255000000,2.9431023808672062e-12
38256000000,0.0
38257000000,0.0
38258000000,3.1089520565642206e-12
38259000000,0.0
38260000000,0.0
38261000000,2.3898097567012367e-12
38262000000,0.0
38263000000,0.0
38264000000,2.789188885621223e-12
38265000000,0.0
38266000000,0.0
38267000000,3.029518076445648e-12
38268000000,0.0
38269000000,5.741869716562355e-17
38270000000,2.222725955172613e-12
38271000000,0.0
38272000000,0.0
38273000000,2.720821950984794e-12
38274000000,0.0
38275000000,1.2343056455042196e-18
38276000000,2.9248799533169663e-12
38277000000,0.0
38278000000,1.4525011156667433e-16
38279000000,1.9909148114280495e-12
38280000000,0.0
38281000000,0.0
38282000000,2.2972171138392003e-12
38283000000,0.0
38284000000,0.0
38285000000,2.5353886916496422e-12
38286000000,0.0
38287000000,2.2151549899584202e-17
38288000000,2.784275044226584e-12
38289000000,0.0
38290000000,3.865660672493292e-15
38291000000,1.439789880944599e-13
38292000000,1.8222879627549913e-12
38293000000,0.0
38294000000,0.0
38295000000,1.423641477434255e-12
38296000000,0.0
38297000000,9.092068179804932e-16
38298000000,3.3487295084618542e-12
38299000000,0.0
38300000000,2.3599770991073857e-16
38301000000,2.2696704942360797e-12
38302000000,0.0
38303000000,0.0
38304000000,2.0848605297019846e-12
38305000000,0.0
38306000000,1.8854154142995633e-17
38307000000,2.4470590133307185e-12
38308000000,0.0
38309000000,1.887079314643713e-15
38310000000,1.5922822102041764e-12
38311000000,0.0
38312000000,0.0
38313000000,1.986476025093725e-12
38314000000,0.0
38315000000,1.0510077372150265e-17
38316000000,2.0794928016086466e-12
38317000000,0.0
38318000000,2.2305163823443867e-16
38319000000,1.5521192510719758e-12
38320000000,0.0
38321000000,0.0
38322000000,1.7774991653362791e-12
38323000000,0.0
38324000000,1.6530648191898148e-17
38325000000,1.9544200945814513e-12
38326000000,0.0
38327000000,2.1214603175831922e-16
38328000000,2.1248111544643244e-12
38329000000,0.0
38330000000,0.0
38331000000,1.4945099154956493e-12
38332000000,0.0
38333000000,2.852025589150773e-18
38334000000,1.7478099252036463e-12
38335000000,0.0
38336000000,9.200283463010297e-17
38337000000,1.8994374331549333e-12
38338000000,0.0
38339000000,0.0
38340000000,1.1083141432359694e-12
38341000000,0.0
38342000000,0.0
38343000000,1.3568187916585554e-12
38344000000,0.0
38345000000,0.0
38346000000,1.4951585481762685e-12
38347000000,0.0
38348000000,3.306647541303116e-17
38349000000,9.554135081764221e-13
38350000000,0.0
38351000000,0.0
38352000000,1.2059122980271615e-12
38353000000,0.0
38354000000,0.0
38355000000,1.3094404324907804e-12
38356000000,0.0
38357000000,1.4781397237961861e-18
38358000000,1.4385423209430185e-12
38359000000,0.0
38360000000,0.0
38361000000,9.32092508880889e-13
38362000000,0.0
38363000000,0.0
38364000000,1.0995886022894735e-12
38365000000,0.0
38366000000,0.0
38367000000,1.2012556548831268e-12
38368000000,0.0
38369000000,0.0
38370000000,6.139997997184166e-13
38371000000,0.0
38372000000,0.0
38373000000,7.714604510551746e-13
38374000000,0.0
38375000000,0.0
38376000000,8.590556567269851e-13
38377000000,0.0
38378000000,0.0
38379000000,5.486765658892044e-13
38380000000,0.0
38381000000,0.0
38382000000,6.131901301542645e-13
38383000000,0.0
38384000000,0.0
38385000000,6.852249335078331e-13
38386000000,0.0
38387000000,0.0
38388000000,7.582990474642945e-13
38389000000,0.0
38390000000,0.0
38391000000,4.284156537328081e-13
38392000000,0.0
38393000000,0.0
38394000000,5.239040263233703e-13
38395000000,0.0
38396000000,0.0
38397000000,5.811767830292043e-13
38398000000,0.0
38399000000,0.0
38400000000,2.0730328126279506e-13
38401000000,0.0
38402000000,0.0
38403000000,3.057739789440687e-13
38404000000,0.0
38405000000,0.0
38406000000,3.441157890975492e-13
38407000000,0.0
38408000000,0.0
38409000000,1.4734300063419602e-13
38410000000,0.0
38411000000,0.0
38412000000,2.1412790387293146e-13
38413000000,0.0
38414000000,0.0
38415000000,2.4324498847367517e-13
38416000000,0.0
38417000000,0.0
38418000000,2.770555773146301e-13
38419000000,0.0
38420000000,0.0
38421000000,1.1432513278285188e-13
38422000000,0.0
38423000000,0.0
38424000000,1.5096504637580186e-13
38425000000,0.0
38426000000,0.0
38427000000,1.739341858253807e-13
38428000000,0.0
38429000000,0.0
38430000000,0.0
38431000000,2.5781240767584786e-14
38432000000,0.0
38433000000,0.0
38434000000,1.694561408777837e-14
38435000000,0.0
38436000000,0.0
38437000000,1.1426373645406444e-13
38438000000,0.0
38439000000,0.0
38440000000,1.902431886540108e-14
38441000000,0.0
38442000000,0.0
38443000000,1.9323793968755755e-14
38444000000,0.0
38445000000,0.0
38446000000,3.0507717222333386e-14
38447000000,0.0
38448000000,0.0
38449000000,6.421859479505992e-15
38450000000,0.0
38451000000,0.0
38452000000,7.484583347227853e-15
38453000000,0.0
38454000000,0.0
38455000000,9.90555224237496e-15
38456000000,0.0
38457000000,0.0
38458000000,1.3702678940316208e-14
38459000000,0.0
38460000000,0.0
38461000000,8.865432966999481e-20
38462000000,0.0
38463000000,0.0
38464000000,1.68362845717253e-16
38465000000,0.0
38466000000,0.0
38467000000,5.021278607960835e-16
38468000000,0.0
38469000000,0.0
38470000000,0.0
38471000000,0.0
38472000000,0.0
38473000000,0.0
38474000000,0.0
38475000000,0.0
38476000000,0.0
38477000000,0.0
38478000000,0.0
38479000000,0.0
38480000000,0.0
38481000000,0.0
38482000000,0.0
38483000000,0.0
38484000000,0.0
38485000000,0.0
38486000000,0.0
38487000000,0.0
38488000000,0.0
38489000000,0.0
38490000000,0.0
38491000000,0.0
38492000000,0.0
38493000000,0.0
38494000000,0.0
38495000000,0.0
38496000000,0.0
38497000000,0.0
38498000000,0.0
38499000000,0.0
38500000000,0.0
38501000000,0.0
38502000000,0.0
38503000000,0.0
38504000000,0.0
38505000000,0.0
38506000000,0.0
38507000000,0.0
38508000000,0.0
38509000000,0.0
38510000000,0.0
38511000000,0.0
38512000000,0.0
38513000000,0.0
38514000000,0.0
38515000000,0.0
38516000000,0.0
38517000000,0.0
38518000000,0.0
38519000000,0.0
38520000000,0.0
38521000000,0.0
38522000000,0.0
38523000000,0.0
38524000000,0.0
38525000000,0.0
38526000000,0.0
38527000000,0.0
38528000000,0.0
38529000000,0.0
38530000000,0.0
38531000000,0.0
38532000000,0.0
38533000000,0.0
38534000000,0.0
38535000000,0.0
38536000000,0.0
38537000000,0.0
38538000000,0.0
38539000000,0.0
38540000000,0.0
38541000000,0.0
38542000000,0.0
38543000000,0.0
38544000000,0.0
38545000000,0.0
38546000000,0.0
38547000000,0.0
38548000000,0.0
38549000000,0.0
38550000000,0.0
38551000000,0.0
38552000000,0.0
38553000000,0.0
38554000000,0.0
38555000000,0.0
38556000000,0.0
38557000000,0.0
38558000000,0.0
38559000000,0.0
38560000000,0.0
38561000000,0.0
38562000000,0.0
38563000000,0.0
38564000000,0.0
38565000000,0.0
38566000000,0.0
38567000000,0.0
38568000000,0.0
38569000000,0.0
38570000000,0.0
38571000000,0.0
38572000000,0.0
38573000000,0.0
38574000000,0.0
38575000000,0.0
38576000000,0.0
38577000000,0.0
38578000000,0.0
38579000000,0.0
38580000000,0.0
38581000000,0.0
38582000000,0.0
38583000000,0.0
38584000000,0.0
38585000000,0.0
38586000000,0.0
38587000000,0.0
38588000000,0.0
38589000000,0.0
38590000000,0.0
38591000000,0.0
38592000000,0.0
38593000000,0.0
38594000000,0.0
38595000000,0.0
38596000000,0.0
38597000000,0.0
38598000000,0.0
38599000000,0.0
38600000000,0.0
38601000000,0.0
38602000000,0.0
38603000000,0.0
38604000000,0.0
38605000000,0.0
38606000000,0.0
38607000000,0.0
38608000000,0.0
38609000000,0.0
38610000000,0.0
38611000000,0.0
38612000000,0.0
38613000000,0.0
38614000000,0.0
38615000000,0.0
38616000000,0.0
38617000000,0.0
38618000000,0.0
38619000000,0.0
38620000000,0.0
38621000000,0.0
38622000000,0.0
38623000000,0.0
38624000000,0.0
38625000000,0.0
38626000000,0.0
38627000000,0.0
38628000000,0.0
38629000000,0.0
38630000000,0.0
38631000000,0.0
38632000000,0.0
38633000000,0.0
38634000000,0.0
38635000000,0.0
38636000000,0.0
38637000000,0.0
38638000000,0.0
38639000000,0.0
38640000000,0.0
38641000000,0.0
38642000000,0.0
38643000000,0.0
38644000000,0.0
38645000000,0.0
38646000000,0.0
38647000000,0.0
38648000000,0.0
38649000000,0.0
38650000000,0.0
38651000000,0.0
38652000000,0.0
38653000000,0.0
38654000000,0.0
38655000000,0.0
38656000000,0.0
38657000000,0.0
38658000000,0.0
38659000000,0.0
38660000000,0.0
38661000000,0.0
38662000000,0.0
38663000000,0.0
38664000000,0.0
38665000000,0.0
38666000000,0.0
38667000000,0.0
38668000000,0.0
38669000000,0.0
38670000000,0.0
38671000000,0.0
38672000000,0.0
38673000000,0.0
38674000000,0.0
38675000000,0.0
38676000000,0.0
38677000000,0.0
38678000000,0.0
38679000000,0.0
38680000000,0.0
38681000000,0.0
38682000000,0.0
38683000000,0.0
38684000000,0.0
38685000000,0.0
38686000000,0.0
38687000000,0.0
38688000000,0.0
38689000000,0.0
38690000000,0.0
38691000000,0.0
38692000000,0.0
38693000000,0.0
38694000000,0.0
38695000000,0.0
38696000000,0.0
38697000000,0.0
38698000000,0.0
38699000000,0.0
38700000000,0.0
38701000000,0.0
38702000000,0.0
38703000000,0.0
38704000000,0.0
38705000000,0.0
38706000000,0.0
38707000000,0.0
38708000000,0.0
38709000000,0.0
38710000000,0.0
38711000000,0.0
38712000000,0.0
38713000000,0.0
38714000000,0.0
38715000000,0.0
38716000000,0.0
38717000000,0.0
38718000000,0.0
38719000000,0.0
38720000000,0.0
38721000000,0.0
38722000000,0.0
38723000000,0.0
38724000000,0.0
38725000000,0.0
38726000000,0.0
38727000000,0.0
38728000000,0.0
38729000000,0.0
38730000000,0.0
38731000000,0.0
38732000000,0.0
38733000000,0.0
38734000000,0.0
38735000000,0.0
38736000000,0.0
38737000000,0.0
38738000000,0.0
38739000000,0.0
38740000000,0.0
38741000000,0.0
38742000000,0.0
38743000000,0.0
38744000000,0.0
38745000000,0.0
38746000000,0.0
38747000000,0.0
38748000000,0.0
38749000000,0.0
38750000000,0.0
38751000000,0.0
38752000000,0.0
38753000000,0.0
38754000000,0.0
38755000000,0.0
38756000000,0.0
38757000000,0.0
38758000000,0.0
38759000000,0.0
38760000000,0.0
38761000000,0.0
38762000000,0.0
38763000000,0.0
38764000000,0.0
38765000000,0.0
38766000000,0.0
38767000000,0.0
38768000000,0.0
38769000000,0.0
38770000000,0.0
38771000000,0.0
38772000000,0.0
38773000000,0.0
38774000000,0.0
38775000000,0.0
38776000000,0.0
38777000000,0.0
38778000000,0.0
38779000000,0.0
38780000000,0.0
38781000000,0.0
38782000000,0.0
38783000000,0.0
38784000000,0.0
38785000000,0.0
38786000000,0.0
38787000000,0.0
38788000000,0.0
38789000000,0.0
38790000000,0.0
38791000000,0.0
38792000000,0.0
38793000000,0.0
38794000000,0.0
38795000000,0.0
38796000000,0.0
38797000000,0.0
38798000000,0.0
38799000000,0.0
38800000000,0.0
38801000000,0.0
38802000000,0.0
38803000000,0.0
38804000000,0.0
38805000000,0.0
38806000000,0.0
38807000000,0.0
38808000000,0.0
38809000000,0.0
38810000000,0.0
38811000000,0.0
38812000000,0.0
38813000000,0.0
38814000000,0.0
38815000000,0.0
38816000000,0.0
38817000000,0.0
38818000000,0.0
38819000000,0.0
38820000000,0.0
38821000000,0.0
38822000000,0.0
38823000000,0.0
38824000000,0.0
38825000000,0.0
38826000000,0.0
38827000000,0.0
38828000000,0.0
38829000000,0.0
38830000000,0.0
38831000000,0.0
38832000000,0.0
38833000000,0.0
38834000000,0.0
38835000000,0.0
38836000000,0.0
38837000000,0.0
38838000000,0.0
38839000000,0.0
38840000000,0.0
38841000000,0.0
38842000000,0.0
38843000000,0.0
38844000000,0.0
38845000000,0.0
38846000000,0.0
38847000000,0.0
38848000000,0.0
38849000000,0.0
38850000000,0.0
38851000000,0.0
38852000000,0.0
38853000000,0.0
38854000000,0.0
38855000000,0.0
38856000000,0.0
38857000000,0.0
38858000000,0.0
38859000000,0.0
38860000000,0.0
38861000000,0.0
38862000000,0.0
38863000000,0.0
38864000000,0.0
38865000000,0.0
38866000000,0.0
38867000000,0.0
38868000000,0.0
38869000000,0.0
38870000000,0.0
38871000000,0.0
38872000000,0.0
38873000000,0.0
38874000000,0.0
38875000000,0.0
38876000000,0.0
38877000000,0.0
38878000000,0.0
38879000000,0.0
38880000000,0.0
38881000000,0.0
38882000000,0.0
38883000000,0.0
38884000000,0.0
38885000000,0.0
38886000000,0.0
38887000000,0.0
38888000000,0.0
38889000000,0.0
38890000000,0.0
38891000000,0.0
38892000000,0.0
38893000000,0.0
38894000000,0.0
38895000000,0.0
38896000000,0.0
38897000000,0.0
38898000000,0.0
38899000000,0.0
38900000000,0.0
38901000000,0.0
38902000000,0.0
38903000000,0.0
38904000000,0.0
38905000000,0.0
38906000000,0.0
38907000000,0.0
38908000000,0.0
38909000000,0.0
38910000000,0.0
38911000000,0.0
38912000000,0.0
38913000000,0.0
38914000000,0.0
38915000000,0.0
38916000000,0.0
38917000000,0.0
38918000000,0.0
38919000000,0.0
38920000000,0.0
38921000000,0.0
38922000000,0.0
38923000000,0.0
38924000000,0.0
38925000000,0.0
38926000000,0.0
38927000000,0.0
38928000000,0.0
38929000000,0.0
38930000000,0.0
38931000000,0.0
38932000000,0.0
38933000000,-0.0
38934000000,0.0
38935000000,0.0
38936000000,0.0
38937000000,0.0
38938000000,0.0
38939000000,-0.0
38940000000,-0.0
38941000000,0.0
38942000000,-0.0
38943000000,-0.0
38944000000,0.0
38945000000,-0.0
38946000000,0.0
38947000000,0.0
38948000000,0.0
38949000000,-0.0
38950000000,-0.0
38951000000,-0.0
38952000000,-0.0
38953000000,0.0
38954000000,-0.0
38955000000,0.0
38956000000,0.0
38957000000,0.0
38958000000,0.0
38959000000,0.0
38960000000,-0.0
38961000000,0.0
38962000000,0.0
38963000000,0.0
38964000000,-0.0
38965000000,-0.0
38966000000,-0.0
38967000000,-0.0
38968000000,0.0
38969000000,0.0
38970000000,0.0
38971000000,0.0
38972000000,0.0
38973000000,0.0
38974000000,-0.0
38975000000,0.0
38976000000,0.0
38977000000,0.0
38978000000,-0.0
38979000000,0.0
38980000000,-0.0
38981000000,0.0
38982000000,0.0
38983000000,-0.0
38984000000,0.0
38985000000,-0.0
38986000000,-0.0
38987000000,-0.0
38988000000,0.0
38989000000,-0.0
38990000000,0.0
38991000000,-0.0
38992000000,-0.0
38993000000,0.0
38994000000,-0.0
38995000000,0.0
38996000000,0.0
38997000000,0.0
38998000000,-0.0
38999000000,-0.0
39000000000,-0.0
39001000000,0.0
39002000000,0.0
39003000000,-0.0
39004000000,-0.0
39005000000,0.0
39006000000,0.0
39007000000,-0.0
39008000000,-0.0
39009000000,0.0
39010000000,0.0
39011000000,0.0
39012000000,-0.0
39013000000,0.0
39014000000,0.0
39015000000,-0.0
39016000000,0.0
39017000000,0.0
39018000000,-0.0
39019000000,-0.0
39020000000,0.0
39021000000,-0.0
39022000000,0.0
39023000000,-0.0
39024000000,0.0
39025000000,-0.0
39026000000,0.0
39027000000,0.0
39028000000,0.0
39029000000,-0.0
39030000000,-0.0
39031000000,0.0
39032000000,0.0
39033000000,-0.0
39034000000,0.0
39035000000,-0.0
39036000000,0.0
39037000000,0.0
39038000000,0.0
39039000000,0.0
39040000000,-0.0
39041000000,0.0
39042000000,0.0
39043000000,0.0
39044000000,-0.0
39045000000,-0.0
39046000000,0.0
39047000000,-0.0
39048000000,0.0
39049000000,0.0
39050000000,0.0
39051000000,0.0
39052000000,-0.0
39053000000,0.0
39054000000,0.0
39055000000,-0.0
39056000000,0.0
39057000000,0.0
39058000000,-0.0
39059000000,0.0
39060000000,0.0
39061000000,-0.0
39062000000,-0.0
39063000000,-0.0
39064000000,-0.0
39065000000,0.0
39066000000,-0.0
39067000000,-0.0
39068000000,-0.0
39069000000,-0.0
39070000000,-0.0
39071000000,0.0
39072000000,0.0
39073000000,0.0
39074000000,-0.0
39075000000,0.0
39076000000,0.0
39077000000,-0.0
39078000000,-0.0
39079000000,0.0
39080000000,0.0
39081000000,-0.0
39082000000,-0.0
39083000000,0.0
39084000000,0.0
39085000000,0.0
39086000000,0.0
39087000000,0.0
39088000000,-0.0
39089000000,0.0
39090000000,0.0
39091000000,0.0
39092000000,-0.0
39093000000,0.0
39094000000,-0.0
39095000000,-0.0
39096000000,0.0
39097000000,-0.0
39098000000,-0.0
39099000000,0.0
39100000000,-0.0
39101000000,-0.0
39102000000,0.0
39103000000,-0.0
39104000000,0.0
39105000000,0.0
39106000000,-0.0
39107000000,0.0
39108000000,0.0
39109000000,-0.0
39110000000,0.0
39111000000,0.0
39112000000,-0.0
39113000000,0.0
39114000000,0.0
39115000000,-0.0
39116000000,-0.0
39117000000,0.0
39118000000,-0.0
39119000000,-0.0
39120000000,0.0
39121000000,0.0
39122000000,0.0
39123000000,0.0
39124000000,0.0
39125000000,-0.0
39126000000,0.0
39127000000,0.0
39128000000,-0.0
39129000000,0.0
39130000000,-0.0
39131000000,0.0
39132000000,0.0
39133000000,-0.0
39134000000,0.0
39135000000,0.0
39136000000,-0.0
39137000000,0.0
39138000000,0.0
39139000000,-0.0
39140000000,0.0
39141000000,0.0
39142000000,0.0
39143000000,0.0
39144000000,0.0
39145000000,-0.0
39146000000,-0.0
39147000000,0.0
39148000000,0.0
39149000000,-0.0
39150000000,0.0
39151000000,0.0
39152000000,0.0
39153000000,0.0
39154000000,-0.0
39155000000,-0.0
39156000000,0.0
39157000000,-0.0
39158000000,0.0
39159000000,0.0
39160000000,-0.0
39161000000,-0.0
39162000000,0.0
39163000000,-0.0
39164000000,-0.0
39165000000,0.0
39166000000,-0.0
39167000000,0.0
39168000000,0.0
39169000000,-0.0
39170000000,0.0
39171000000,0.0
39172000000,0.0
39173000000,0.0
39174000000,0.0
39175000000,-0.0
39176000000,0.0
39177000000,0.0
39178000000,-0.0
39179000000,0.0
39180000000,0.0
39181000000,0.0
39182000000,0.0
39183000000,0.0
39184000000,0.0
39185000000,0.0
39186000000,0.0
39187000000,-0.0
39188000000,0.0
39189000000,0.0
39190000000,0.0
39191000000,0.0
39192000000,0.0
39193000000,-0.0
39194000000,0.0
39195000000,0.0
39196000000,0.0
39197000000,0.0
39198000000,0.0
39199000000,-0.0
39200000000,0.0
39201000000,0.0
39202000000,0.0
39203000000,0.0
39204000000,0.0
39205000000,0.0
39206000000,0.0
39207000000,0.0
39208000000,0.0
39209000000,-0.0
39210000000,0.0
39211000000,0.0
39212000000,-0.0
39213000000,0.0
39214000000,0.0
39215000000,0.0
39216000000,0.0
39217000000,0.0
39218000000,-0.0
39219000000,0.0
39220000000,0.0
39221000000,-0.0
39222000000,0.0
39223000000,0.0
39224000000,0.0
39225000000,0.0
39226000000,0.0
39227000000,-0.0
39228000000,0.0
39229000000,0.0
39230000000,-0.0
39231000000,0.0
39232000000,0.0
39233000000,0.0
39234000000,0.0
39235000000,0.0
39236000000,-0.0
39237000000,0.0
39238000000,0.0
39239000000,0.0
39240000000,0.0
39241000000,0.0
39242000000,-0.0
39243000000,0.0
39244000000,0.0
39245000000,-0.0
39246000000,0.0
39247000000,0.0
39248000000,-0.0
39249000000,0.0
39250000000,0.0
39251000000,-0.0
39252000000,0.0
39253000000,0.0
39254000000,0.0
39255000000,0.0
39256000000,0.0
39257000000,0.0
39258000000,0.0
39259000000,0.0
39260000000,-0.0
39261000000,0.0
39262000000,0.0
39263000000,0.0
39264000000,0.0
39265000000,0.0
39266000000,0.0
39267000000,0.0
39268000000,0.0
39269000000,0.0
39270000000,0.0
39271000000,0.0
39272000000,0.0
39273000000,0.0
39274000000,0.0
39275000000,0.0
39276000000,0.0
39277000000,0.0
39278000000,0.0
39279000000,0.0
39280000000,0.0
39281000000,0.0
39282000000,0.0
39283000000,0.0
39284000000,0.0
39285000000,0.0
39286000000,0.0
39287000000,0.0
39288000000,0.0
39289000000,0.0
39290000000,0.0
39291000000,0.0
39292000000,0.0
39293000000,0.0
39294000000,0.0
39295000000,0.0
39296000000,0.0
39297000000,0.0
39298000000,0.0
39299000000,0.0
39300000000,0.0
39301000000,0.0
39302000000,0.0
39303000000,0.0
39304000000,0.0
39305000000,0.0
39306000000,0.0
39307000000,0.0
39308000000,0.0
39309000000,0.0
39310000000,0.0
39311000000,0.0
39312000000,0.0
39313000000,0.0
39314000000,0.0
39315000000,0.0
39316000000,0.0
39317000000,0.0
39318000000,0.0
39319000000,0.0
39320000000,0.0
39321000000,0.0
39322000000,0.0
39323000000,0.0
39324000000,0.0
39325000000,0.0
39326000000,0.0
39327000000,0.0
39328000000,0.0
39329000000,0.0
39330000000,0.0
39331000000,0.0
39332000000,0.0
39333000000,0.0
39334000000,0.0
39335000000,0.0
39336000000,0.0
39337000000,0.0
39338000000,0.0
39339000000,0.0
39340000000,0.0
39341000000,0.0
39342000000,0.0
39343000000,0.0
39344000000,0.0
39345000000,0.0
39346000000,0.0
39347000000,0.0
39348000000,0.0
39349000000,0.0
39350000000,0.0
39351000000,0.0
39352000000,0.0
39353000000,0.0
39354000000,0.0
39355000000,0.0
39356000000,0.0
39357000000,0.0
39358000000,0.0
39359000000,0.0
39360000000,0.0
39361000000,0.0
39362000000,0.0
39363000000,0.0
39364000000,0.0
39365000000,0.0
39366000000,0.0
39367000000,0.0
39368000000,0.0
39369000000,0.0
39370000000,0.0
39371000000,0.0
39372000000,0.0
39373000000,0.0
39374000000,0.0
39375000000,0.0
39376000000,0.0
39377000000,0.0
39378000000,0.0
39379000000,0.0
39380000000,0.0
39381000000,0.0
39382000000,0.0
39383000000,0.0
39384000000,0.0
39385000000,0.0
39386000000,0.0
39387000000,0.0
39388000000,0.0
39389000000,0.0
39390000000,0.0
39391000000,0.0
39392000000,0.0
39393000000,0.0
39394000000,0.0
39395000000,0.0
39396000000,0.0
39397000000,0.0
39398000000,0.0
39399000000,0.0
39400000000,0.0
39401000000,0.0
39402000000,0.0
39403000000,0.0
39404000000,0.0
39405000000,0.0
39406000000,0.0
39407000000,0.0
39408000000,0.0
39409000000,0.0
39410000000,0.0
39411000000,0.0
39412000000,0.0
39413000000,0.0
39414000000,0.0
39415000000,0.0
39416000000,0.0
39417000000,0.0
39418000000,0.0
39419000000,0.0
39420000000,0.0
39421000000,0.0
39422000000,0.0
39423000000,0.0
39424000000,0.0
39425000000,0.0
39426000000,0.0
39427000000,0.0
39428000000,0.0
39429000000,0.0
39430000000,0.0
39431000000,0.0
39432000000,0.0
39433000000,0.0
39434000000,0.0
39435000000,0.0
39436000000,0.0
39437000000,0.0
39438000000,0.0
39439000000,0.0
39440000000,0.0
39441000000,0.0
39442000000,0.0
39443000000,0.0
39444000000,0.0
39445000000,0.0
39446000000,0.0
39447000000,0.0
39448000000,0.0
39449000000,0.0
39450000000,0.0
39451000000,0.0
39452000000,0.0
39453000000,0.0
39454000000,0.0
39455000000,0.0
39456000000,0.0
39457000000,0.0
39458000000,0.0
39459000000,0.0
39460000000,0.0
39461000000,0.0
39462000000,0.0
39463000000,0.0
39464000000,0.0
39465000000,0.0
39466000000,0.0
39467000000,0.0
39468000000,0.0
39469000000,0.0
39470000000,0.0
39471000000,0.0
39472000000,0.0
39473000000,0.0
39474000000,0.0
39475000000,0.0
39476000000,0.0
39477000000,0.0
39478000000,0.0
39479000000,0.0
39480000000,0.0
39481000000,0.0
39482000000,0.0
39483000000,0.0
39484000000,0.0
39485000000,0.0
39486000000,0.0
39487000000,0.0
39488000000,0.0
39489000000,0.0
39490000000,0.0
39491000000,0.0
39492000000,0.0
39493000000,0.0
39494000000,0.0
39495000000,0.0
39496000000,0.0
39497000000,0.0
39498000000,0.0
39499000000,0.0
39500000000,0.0
39501000000,0.0
39502000000,0.0
39503000000,0.0
39504000000,0.0
39505000000,0.0
39506000000,0.0
39507000000,0.0
39508000000,0.0
39509000000,0.0
39510000000,0.0
39511000000,0.0
39512000000,0.0
39513000000,0.0
39514000000,0.0
39515000000,0.0
39516000000,0.0
39517000000,0.0
39518000000,0.0
39519000000,0.0
39520000000,0.0
39521000000,0.0
39522000000,0.0
39523000000,0.0
39524000000,0.0
39525000000,0.0
39526000000,0.0
39527000000,0.0
39528000000,0.0
39529000000,0.0
39530000000,0.0
39531000000,0.0
39532000000,0.0
39533000000,0.0
39534000000,0.0
39535000000,0.0
39536000000,0.0
39537000000,0.0
39538000000,0.0
39539000000,0.0
39540000000,0.0
39541000000,0.0
39542000000,0.0
39543000000,0.0
39544000000,0.0
39545000000,0.0
39546000000,0.0
39547000000,0.0
39548000000,0.0
39549000000,0.0
39550000000,0.0
39551000000,0.0
39552000000,0.0
39553000000,0.0
39554000000,0.0
39555000000,0.0
39556000000,0.0
39557000000,0.0
39558000000,0.0
39559000000,0.0
39560000000,0.0
39561000000,0.0
39562000000,0.0
39563000000,0.0
39564000000,0.0
39565000000,0.0
39566000000,0.0
39567000000,0.0
39568000000,0.0
39569000000,0.0
39570000000,0.0
39571000000,0.0
39572000000,0.0
39573000000,0.0
39574000000,0.0
39575000000,0.0
39576000000,0.0
39577000000,0.0
39578000000,0.0
39579000000,0.0
39580000000,0.0
39581000000,0.0
39582000000,0.0
39583000000,0.0
39584000000,0.0
39585000000,0.0
39586000000,0.0
39587000000,0.0
39588000000,0.0
39589000000,0.0
39590000000,0.0
39591000000,0.0
39592000000,0.0
39593000000,0.0
39594000000,0.0
39595000000,0.0
39596000000,0.0
39597000000,0.0
39598000000,0.0
39599000000,0.0
39600000000,0.0
39601000000,0.0
39602000000,0.0
39603000000,0.0
39604000000,0.0
39605000000,0.0
39606000000,0.0
39607000000,0.0
39608000000,0.0
39609000000,0.0
39610000000,0.0
39611000000,0.0
39612000000,0.0
39613000000,0.0
39614000000,0.0
39615000000,0.0
39616000000,0.0
39617000000,0.0
39618000000,0.0
39619000000,0.0
39620000000,0.0
39621000000,0.0
39622000000,0.0
39623000000,0.0
39624000000,0.0
39625000000,0.0
39626000000,0.0
39627000000,0.0
39628000000,0.0
39629000000,0.0
39630000000,0.0
39631000000,0.0
39632000000,0.0
39633000000,0.0
39634000000,0.0
39635000000,0.0
39636000000,0.0
39637000000,0.0
39638000000,0.0
39639000000,0.0
39640000000,0.0
39641000000,0.0
39642000000,0.0
39643000000,0.0
39644000000,0.0
39645000000,0.0
39646000000,0.0
39647000000,0.0
39648000000,0.0
39649000000,0.0
39650000000,0.0
39651000000,0.0
39652000000,0.0
39653000000,0.0
39654000000,0.0
39655000000,0.0
39656000000,0.0
39657000000,0.0
39658000000,0.0
39659000000,0.0
39660000000,0.0
39661000000,0.0
39662000000,0.0
39663000000,0.0
39664000000,0.0
39665000000,0.0
39666000000,0.0
39667000000,0.0
39668000000,0.0
39669000000,0.0
39670000000,0.0
39671000000,0.0
39672000000,0.0
39673000000,0.0
39674000000,0.0
39675000000,0.0
39676000000,0.0
39677000000,0.0
39678000000,0.0
39679000000,0.0
39680000000,0.0
39681000000,0.0
39682000000,0.0
39683000000,0.0
39684000000,0.0
39685000000,0.0
39686000000,0.0
39687000000,0.0
39688000000,0.0
39689000000,0.0
39690000000,0.0
39691000000,0.0
39692000000,0.0
39693000000,0.0
39694000000,0.0
39695000000,0.0
39696000000,0.0
39697000000,0.0
39698000000,0.0
39699000000,0.0
39700000000,0.0
39701000000,0.0
39702000000,0.0
39703000000,0.0
39704000000,0.0
39705000000,0.0
39706000000,0.0
39707000000,0.0
39708000000,0.0
39709000000,0.0
39710000000,0.0
39711000000,0.0
39712000000,0.0
39713000000,0.0
39714000000,0.0
39715000000,0.0
39716000000,0.0
39717000000,0.0
39718000000,0.0
39719000000,0.0
39720000000,0.0
39721000000,0.0
39722000000,0.0
39723000000,0.0
39724000000,0.0
39725000000,0.0
39726000000,0.0
39727000000,0.0
39728000000,0.0
39729000000,0.0
39730000000,0.0
39731000000,0.0
39732000000,0.0
39733000000,0.0
39734000000,0.0
39735000000,0.0
39736000000,0.0
39737000000,0.0
39738000000,0.0
39739000000,0.0
39740000000,0.0
39741000000,0.0
39742000000,0.0
39743000000,0.0
39744000000,0.0
39745000000,0.0
39746000000,0.0
39747000000,0.0
39748000000,0.0
39749000000,0.0
39750000000,0.0
39751000000,0.0
39752000000,0.0
39753000000,0.0
39754000000,0.0
39755000000,0.0
39756000000,0.0
39757000000,0.0
39758000000,0.0
39759000000,0.0
39760000000,0.0
39761000000,0.0
39762000000,0.0
39763000000,0.0
39764000000,0.0
39765000000,0.0
39766000000,0.0
39767000000,0.0
39768000000,0.0
39769000000,0.0
39770000000,0.0
39771000000,0.0
39772000000,0.0
39773000000,0.0
39774000000,0.0
39775000000,0.0
39776000000,0.0
39777000000,0.0
39778000000,0.0
39779000000,0.0
39780000000,0.0
39781000000,0.0
39782000000,0.0
39783000000,0.0
39784000000,0.0
39785000000,0.0
39786000000,0.0
39787000000,0.0
39788000000,0.0
39789000000,0.0
39790000000,0.0
39791000000,0.0
39792000000,0.0
39793000000,0.0
39794000000,0.0
39795000000,0.0
39796000000,0.0
39797000000,0.0
39798000000,0.0
39799000000,0.0
39800000000,0.0
39801000000,0.0
39802000000,0.0
39803000000,0.0
39804000000,0.0
39805000000,0.0
39806000000,0.0
39807000000,0.0
39808000000,0.0
39809000000,0.0
39810000000,0.0
39811000000,0.0
39812000000,0.0
39813000000,0.0
39814000000,0.0
39815000000,0.0
39816000000,0.0
39817000000,0.0
39818000000,0.0
39819000000,0.0
39820000000,0.0
39821000000,0.0
39822000000,0.0
39823000000,0.0
39824000000,0.0
39825000000,0.0
39826000000,0.0
39827000000,0.0
39828000000,0.0
39829000000,0.0
39830000000,0.0
39831000000,0.0
39832000000,0.0
39833000000,0.0
39834000000,0.0
39835000000,0.0
39836000000,0.0
39837000000,0.0
39838000000,0.0
39839000000,0.0
39840000000,0.0
39841000000,0.0
39842000000,0.0
39843000000,0.0
39844000000,0.0
39845000000,0.0
39846000000,0.0
39847000000,0.0
39848000000,0.0
39849000000,0.0
39850000000,0.0
39851000000,0.0
39852000000,0.0
39853000000,0.0
39854000000,0.0
39855000000,0.0
39856000000,0.0
39857000000,0.0
39858000000,0.0
39859000000,0.0
39860000000,0.0
39861000000,0.0
39862000000,0.0
39863000000,0.0
39864000000,0.0
39865000000,0.0
39866000000,0.0
39867000000,0.0
39868000000,0.0
39869000000,0.0
39870000000,0.0
39871000000,0.0
39872000000,0.0
39873000000,0.0
39874000000,0.0
39875000000,0.0
39876000000,0.0
39877000000,0.0
39878000000,0.0
39879000000,0.0
39880000000,0.0
39881000000,0.0
39882000000,0.0
39883000000,0.0
39884000000,0.0
39885000000,0.0
39886000000,0.0
39887000000,0.0
39888000000,0.0
39889000000,0.0
39890000000,0.0
39891000000,0.0
39892000000,0.0
39893000000,0.0
39894000000,0.0
39895000000,0.0
39896000000,0.0
39897000000,0.0
39898000000,0.0
39899000000,0.0
39900000000,0.0
39901000000,0.0
39902000000,0.0
39903000000,0.0
39904000000,0.0
39905000000,0.0
39906000000,0.0
39907000000,0.0
39908000000,0.0
39909000000,0.0
39910000000,0.0
39911000000,0.0
39912000000,0.0
39913000000,0.0
39914000000,0.0
39915000000,0.0
39916000000,0.0
39917000000,0.0
39918000000,0.0
39919000000,0.0
39920000000,0.0
39921000000,0.0
39922000000,0.0
39923000000,0.0
39924000000,0.0
39925000000,0.0
39926000000,0.0
39927000000,0.0
39928000000,0.0
39929000000,0.0
39930000000,0.0
39931000000,0.0
39932000000,0.0
39933000000,0.0
39934000000,0.0
39935000000,0.0
39936000000,0.0
39937000000,0.0
39938000000,0.0
39939000000,0.0
39940000000,0.0
39941000000,0.0
39942000000,0.0
39943000000,0.0
39944000000,0.0
39945000000,0.0
39946000000,0.0
39947000000,0.0
39948000000,0.0
39949000000,0.0
39950000000,0.0
39951000000,0.0
39952000000,0.0
39953000000,0.0
39954000000,0.0
39955000000,0.0
39956000000,0.0
39957000000,0.0
39958000000,0.0
39959000000,0.0
39960000000,0.0
39961000000,0.0
39962000000,0.0
39963000000,0.0
39964000000,0.0
39965000000,0.0
39966000000,0.0
39967000000,0.0
39968000000,0.0
39969000000,0.0
39970000000,0.0
39971000000,0.0
39972000000,0.0
39973000000,0.0
39974000000,0.0
39975000000,0.0
39976000000,0.0
39977000000,0.0
39978000000,0.0
39979000000,0.0
39980000000,0.0
39981000000,0.0
39982000000,0.0
39983000000,0.0
39984000000,0.0
39985000000,0.0
39986000000,0.0
39987000000,0.0
39988000000,0.0
39989000000,0.0
39990000000,0.0
39991000000,0.0
39992000000,0.0
39993000000,0.0
39994000000,0.0
39995000000,0.0
39996000000,0.0
39997000000,0.0
39998000000,0.0
39999000000,0.0
40000000000,0.0
40001000000,0.0
40002000000,0.0
40003000000,0.0
40004000000,0.0
40005000000,0.0
40006000000,0.0
40007000000,0.0
40008000000,0.0
40009000000,0.0
40010000000,0.0
40011000000,0.0
40012000000,0.0
40013000000,0.0
40014000000,0.0
40015000000,0.0
40016000000,0.0
40017000000,0.0
40018000000,0.0
40019000000,0.0
40020000000,0.0
40021000000,0.0
40022000000,0.0
40023000000,0.0
40024000000,0.0
40025000000,0.0
40026000000,0.0
40027000000,0.0
40028000000,0.0
40029000000,0.0
40030000000,0.0
40031000000,0.0
40032000000,0.0
40033000000,0.0
40034000000,0.0
40035000000,0.0
40036000000,0.0
40037000000,0.0
40037000000,0.0
40039000000,0.0
40040000000,0.0
40041000000,0.0
40042000000,0.0
40043000000,0.0
40044000000,0.0
40045000000,0.0
40046000000,0.0
40047000000,0.0
40048000000,0.0
40049000000,0.0
40050000000,0.0
40051000000,0.0
40052000000,0.0
40053000000,0.0
40054000000,0.0
40055000000,0.0
40056000000,0.0
40057000000,0.0
40058000000,0.0
40059000000,0.0
40060000000,0.0
40061000000,0.0
40062000000,0.0
40063000000,0.0
40064000000,0.0
40065000000,0.0
40066000000,0.0
40067000000,0.0
40068000000,0.0
40069000000,0.0
40070000000,0.0
40071000000,0.0
40072000000,0.0
40073000000,0.0
40074000000,0.0
40075000000,0.0
40076000000,0.0
40077000000,0.0
40078000000,0.0
40079000000,0.0
40080000000,0.0
40081000000,0.0
40082000000,0.0
40083000000,0.0
40084000000,0.0
40085000000,0.0
40086000000,0.0
40087000000,0.0
40088000000,0.0
40089000000,0.0
40090000000,0.0
40091000000,0.0
40092000000,0.0
40093000000,0.0
40094000000,0.0
40095000000,0.0
40096000000,0.0
40097000000,0.0
40098000000,0.0
40099000000,0.0
40100000000,0.0
40101000000,0.0
40102000000,0.0
40103000000,0.0
40104000000,0.0
40105000000,0.0
40106000000,0.0
40107000000,0.0
40108000000,0.0
40109000000,0.0
40110000000,0.0
40111000000,0.0
40112000000,0.0
40113000000,0.0
40114000000,0.0
40115000000,0.0
40116000000,0.0
40117000000,0.0
40118000000,0.0
40119000000,0.0
40120000000,0.0
40121000000,0.0
40122000000,0.0
40123000000,0.0
40124000000,0.0
40125000000,0.0
40126000000,0.0
40127000000,0.0
40128000000,0.0
40129000000,0.0
40130000000,0.0
40131000000,0.0
40132000000,0.0
40133000000,0.0
40134000000,0.0
40135000000,0.0
40136000000,0.0
40137000000,0.0
40138000000,0.0
40139000000,0.0
40140000000,0.0
40141000000,0.0
40142000000,0.0
40143000000,0.0
40144000000,0.0
40145000000,0.0
40146000000,0.0
40147000000,0.0
40148000000,0.0
40149000000,0.0
40150000000,0.0
40151000000,0.0
40152000000,0.0
40153000000,0.0
40154000000,0.0
40155000000,0.0
40156000000,0.0
40157000000,0.0
40158000000,0.0
40159000000,0.0
40160000000,0.0
40161000000,0.0
40162000000,0.0
40163000000,0.0
40164000000,0.0
40165000000,0.0
40166000000,0.0
40167000000,0.0
40168000000,0.0
40169000000,0.0
40170000000,0.0
40171000000,0.0
40172000000,0.0
40173000000,0.0
40174000000,0.0
40175000000,0.0
40176000000,0.0
40177000000,0.0
40178000000,0.0
40179000000,0.0
40180000000,0.0
40181000000,0.0
40182000000,0.0
40183000000,0.0
40184000000,0.0
40185000000,0.0
40186000000,0.0
40187000000,0.0
40188000000,0.0
40189000000,0.0
40190000000,0.0
40191000000,0.0
40192000000,0.0
40193000000,0.0
40194000000,0.0
40195000000,0.0
40196000000,0.0
40197000000,0.0
40198000000,0.0
40199000000,0.0
40200000000,0.0
40201000000,0.0
40202000000,0.0
40203000000,0.0
40204000000,0.0
40205000000,0.0
40206000000,0.0
40207000000,0.0
40208000000,0.0
40209000000,0.0
40210000000,0.0
40211000000,0.0
40212000000,0.0
40213000000,0.0
40214000000,0.0
40215000000,0.0
40216000000,0.0
40217000000,0.0
40218000000,0.0
40219000000,0.0
40220000000,0.0
40221000000,0.0
40222000000,0.0
40223000000,0.0
40224000000,0.0
40225000000,0.0
40226000000,0.0
40227000000,0.0
40228000000,0.0
40229000000,0.0
40230000000,0.0
40231000000,0.0
40232000000,0.0
40233000000,0.0
40234000000,0.0
40235000000,0.0
40236000000,0.0
40237000000,0.0
40238000000,0.0
40239000000,0.0
40240000000,0.0
40241000000,0.0
40242000000,0.0
40243000000,0.0
40244000000,0.0
40245000000,0.0
40246000000,0.0
40247000000,0.0
40248000000,0.0
40249000000,0.0
40250000000,0.0
40251000000,0.0
40252000000,0.0
40253000000,0.0
40254000000,0.0
40255000000,0.0
40256000000,0.0
40257000000,0.0
40258000000,0.0
40259000000,0.0
40260000000,0.0
40261000000,0.0
40262000000,0.0
40263000000,0.0
40264000000,0.0
40265000000,0.0
40266000000,0.0
40267000000,0.0
40268000000,0.0
40269000000,0.0
40270000000,0.0
40271000000,0.0
40272000000,0.0
40273000000,0.0
40274000000,0.0
40275000000,0.0
40276000000,0.0
40277000000,0.0
40278000000,0.0
40279000000,0.0
40280000000,0.0
40281000000,0.0
40282000000,0.0
40283000000,0.0
40284000000,0.0
40285000000,0.0
40286000000,0.0
40287000000,0.0
40288000000,0.0
40289000000,0.0
40290000000,0.0
40291000000,0.0
40292000000,0.0
40293000000,0.0
40294000000,0.0
40295000000,0.0
40296000000,0.0
40297000000,0.0
40298000000,0.0
40299000000,0.0
40300000000,0.0
40301000000,0.0
40302000000,0.0
40303000000,0.0
40304000000,0.0
40305000000,0.0
40306000000,0.0
40307000000,0.0
40308000000,0.0
40309000000,0.0
40310000000,0.0
40311000000,0.0
40312000000,0.0
40313000000,0.0
40314000000,0.0
40315000000,0.0
40316000000,0.0
40317000000,0.0
40318000000,0.0
40319000000,0.0
40320000000,0.0
40321000000,0.0
40322000000,0.0
40323000000,0.0
40324000000,0.0
40325000000,0.0
40326000000,0.0
40327000000,0.0
40328000000,0.0
40329000000,0.0
40330000000,0.0
40331000000,0.0
40332000000,0.0
40333000000,0.0
40334000000,0.0
40335000000,0.0
40336000000,0.0
40337000000,0.0
40338000000,0.0
40339000000,0.0
40340000000,0.0
40341000000,0.0
40342000000,0.0
40343000000,0.0
40344000000,0.0
40345000000,0.0
40346000000,0.0
40347000000,0.0
40348000000,0.0
40349000000,0.0
40350000000,0.0
40351000000,0.0
40352000000,0.0
40353000000,0.0
40354000000,0.0
40355000000,0.0
40356000000,0.0
40357000000,0.0
40358000000,0.0
40359000000,0.0
40360000000,0.0
40361000000,0.0
40362000000,0.0
40363000000,0.0
40364000000,0.0
40365000000,0.0
40366000000,0.0
40367000000,0.0
40368000000,0.0
40369000000,0.0
40370000000,0.0
40371000000,0.0
40372000000,0.0
40373000000,0.0
40374000000,0.0
40375000000,0.0
40376000000,0.0
40377000000,0.0
40378000000,0.0
40379000000,0.0
40380000000,0.0
40381000000,0.0
40382000000,0.0
40383000000,0.0
40384000000,0.0
40385000000,0.0
40386000000,0.0
40387000000,0.0
40388000000,0.0
40389000000,0.0
40390000000,0.0
40391000000,0.0
40392000000,0.0
40393000000,0.0
40394000000,0.0
40395000000,0.0
40396000000,0.0
40397000000,0.0
40398000000,0.0
40399000000,0.0
40400000000,0.0
40401000000,0.0
40402000000,0.0
40403000000,0.0
40404000000,0.0
40405000000,0.0
40406000000,0.0
40407000000,0.0
40408000000,0.0
40409000000,0.0
40410000000,0.0
40411000000,0.0
40412000000,0.0
40413000000,0.0
40414000000,0.0
40415000000,0.0
40416000000,0.0
40417000000,0.0
40418000000,0.0
40419000000,0.0
40420000000,0.0
40421000000,0.0
40422000000,0.0
40423000000,0.0
40424000000,0.0
40425000000,0.0
40426000000,0.0
40427000000,0.0
40428000000,0.0
40429000000,0.0
40430000000,0.0
40431000000,0.0
40432000000,0.0
40433000000,0.0
40434000000,0.0
40435000000,0.0
40436000000,0.0
40437000000,0.0
40438000000,0.0
40439000000,0.0
40440000000,0.0
40441000000,0.0
40442000000,0.0
40443000000,0.0
40444000000,0.0
40445000000,0.0
40446000000,0.0
40447000000,0.0
40448000000,0.0
40449000000,0.0
40450000000,0.0
40451000000,0.0
40452000000,0.0
40453000000,0.0
40454000000,0.0
40455000000,0.0
40456000000,0.0
40457000000,0.0
40458000000,0.0
40459000000,0.0
40460000000,0.0
40461000000,0.0
40462000000,0.0
40463000000,0.0
40464000000,0.0
40465000000,0.0
40466000000,0.0
40467000000,0.0
40468000000,0.0
40469000000,0.0
40470000000,0.0
40471000000,0.0
40472000000,0.0
40473000000,0.0
40474000000,0.0
40475000000,0.0
40476000000,0.0
40477000000,0.0
40478000000,0.0
40479000000,0.0
40480000000,0.0
40481000000,0.0
40482000000,0.0
40483000000,0.0
40484000000,0.0
40485000000,0.0
40486000000,0.0
40487000000,0.0
40488000000,0.0
40489000000,0.0
40490000000,0.0
40491000000,0.0
40492000000,0.0
40493000000,0.0
40494000000,0.0
40495000000,0.0
40496000000,0.0
40497000000,0.0
40498000000,0.0
40499000000,0.0
40500000000,0.0
40501000000,0.0
40502000000,0.0
40503000000,0.0
40504000000,0.0
40505000000,0.0
40506000000,0.0
40507000000,0.0
40508000000,0.0
40509000000,0.0
40510000000,0.0
40511000000,0.0
40512000000,0.0
40513000000,0.0
40514000000,0.0
40515000000,0.0
40516000000,0.0
40517000000,0.0
40518000000,0.0
40519000000,0.0
40520000000,0.0
40521000000,0.0
40522000000,0.0
40523000000,0.0
40524000000,0.0
40525000000,0.0
40526000000,0.0
40527000000,0.0
40528000000,0.0
40529000000,0.0
40530000000,0.0
40531000000,0.0
40531000000,0.0
40533000000,0.0
40534000000,0.0
40535000000,0.0
40536000000,0.0
40537000000,0.0
40538000000,0.0
40539000000,0.0
40540000000,0.0
40541000000,0.0
40542000000,0.0
40543000000,0.0
40544000000,0.0
40545000000,0.0
40546000000,0.0
40547000000,0.0
40548000000,0.0
40549000000,0.0
40550000000,0.0
40551000000,0.0
40552000000,0.0
40553000000,0.0
40554000000,0.0
40555000000,0.0
40556000000,0.0
40557000000,0.0
40558000000,0.0
40559000000,0.0
40560000000,0.0
40561000000,0.0
40562000000,0.0
40563000000,0.0
40564000000,0.0
40565000000,0.0
40566000000,0.0
40567000000,0.0
40568000000,0.0
40569000000,0.0
40570000000,0.0
40571000000,0.0
40572000000,0.0
40573000000,0.0
40574000000,0.0
40575000000,0.0
40576000000,0.0
40577000000,0.0
40578000000,0.0
40579000000,0.0
40580000000,0.0
40581000000,0.0
40582000000,0.0
40583000000,0.0
40584000000,0.0
40585000000,0.0
40586000000,0.0
40587000000,0.0
40588000000,0.0
40589000000,0.0
40590000000,0.0
40591000000,0.0
40592000000,0.0
40593000000,0.0
40594000000,0.0
40595000000,0.0
40596000000,0.0
40597000000,0.0
40598000000,0.0
40599000000,0.0
40600000000,0.0
40601000000,0.0
40602000000,0.0
40603000000,0.0
40604000000,0.0
40605000000,0.0
40606000000,0.0
40607000000,0.0
40608000000,0.0
40609000000,0.0
40610000000,0.0
40611000000,0.0
40612000000,0.0
40613000000,0.0
40614000000,0.0
40615000000,0.0
40616000000,0.0
40617000000,0.0
40618000000,0.0
40619000000,0.0
40620000000,0.0
40621000000,0.0
40622000000,0.0
40623000000,0.0
40624000000,0.0
40625000000,0.0
40626000000,0.0
40627000000,0.0
40628000000,0.0
40629000000,0.0
40630000000,0.0
40631000000,0.0
40632000000,0.0
40633000000,0.0
40634000000,0.0
40635000000,0.0
40636000000,0.0
40637000000,0.0
40638000000,0.0
40639000000,0.0
40640000000,0.0
40641000000,0.0
40642000000,0.0
40643000000,0.0
40644000000,0.0
40645000000,0.0
40646000000,0.0
40647000000,0.0
40648000000,0.0
40649000000,0.0
40650000000,0.0
40651000000,0.0
40652000000,0.0
40653000000,0.0
40654000000,0.0
40655000000,0.0
40656000000,0.0
40657000000,0.0
40658000000,0.0
40659000000,0.0
40660000000,0.0
40661000000,0.0
40662000000,0.0
40663000000,0.0
40664000000,0.0
40665000000,0.0
40666000000,0.0
40667000000,0.0
40668000000,0.0
40669000000,0.0
40670000000,0.0
40671000000,0.0
40672000000,0.0
40673000000,0.0
40674000000,0.0
40675000000,0.0
40676000000,0.0
40677000000,0.0
40678000000,0.0
40679000000,0.0
40680000000,0.0
40681000000,0.0
40682000000,0.0
40683000000,0.0
40684000000,0.0
40685000000,0.0
40686000000,0.0
40687000000,0.0
40688000000,0.0
40689000000,0.0
40690000000,0.0
40691000000,0.0
40692000000,0.0
40693000000,0.0
40694000000,0.0
40695000000,0.0
40696000000,0.0
40697000000,0.0
40698000000,0.0
40699000000,0.0
40700000000,0.0
40701000000,0.0
40702000000,0.0
40703000000,0.0
40704000000,0.0
40705000000,0.0
40706000000,0.0
40707000000,0.0
40708000000,0.0
40709000000,0.0
40710000000,0.0
40711000000,0.0
40712000000,0.0
40713000000,0.0
40714000000,0.0
40715000000,0.0
40716000000,0.0
40717000000,0.0
40718000000,0.0
40719000000,0.0
40720000000,0.0
40721000000,0.0
40722000000,0.0
40723000000,0.0
40724000000,0.0
40725000000,0.0
40726000000,0.0
40727000000,0.0
40728000000,0.0
40729000000,0.0
40730000000,0.0
40731000000,0.0
40732000000,0.0
40733000000,0.0
40734000000,0.0
40735000000,0.0
40736000000,0.0
40737000000,0.0
40738000000,0.0
40739000000,0.0
40740000000,0.0
40741000000,0.0
40742000000,0.0
40743000000,0.0
40744000000,0.0
40745000000,0.0
40746000000,0.0
40747000000,0.0
40748000000,0.0
40749000000,0.0
40750000000,0.0
40751000000,0.0
40752000000,0.0
40753000000,0.0
40754000000,0.0
40755000000,0.0
40756000000,0.0
40757000000,0.0
40758000000,0.0
40759000000,0.0
40760000000,0.0
40761000000,0.0
40762000000,0.0
40763000000,0.0
40764000000,0.0
40765000000,0.0
40766000000,0.0
40767000000,0.0
40768000000,0.0
40769000000,0.0
40770000000,0.0
40771000000,0.0
40772000000,0.0
40773000000,0.0
40774000000,0.0
40775000000,0.0
40776000000,0.0
40777000000,0.0
40778000000,0.0
40779000000,0.0
40780000000,0.0
40781000000,0.0
40782000000,0.0
40783000000,0.0
40784000000,0.0
40785000000,0.0
40786000000,0.0
40787000000,0.0
40788000000,0.0
40789000000,0.0
40790000000,0.0
40791000000,0.0
40792000000,0.0
40793000000,0.0
40794000000,0.0
40795000000,0.0
40796000000,0.0
40797000000,0.0
40798000000,0.0
40799000000,0.0
40800000000,0.0
40801000000,0.0
40802000000,0.0
40803000000,0.0
40804000000,0.0
40805000000,0.0
40806000000,0.0
40807000000,0.0
40808000000,0.0
40809000000,0.0
40810000000,0.0
40811000000,0.0
40812000000,0.0
40813000000,0.0
40814000000,0.0
40815000000,0.0
40816000000,0.0
40817000000,0.0
40818000000,0.0
40819000000,0.0
40820000000,0.0
40821000000,0.0
40822000000,0.0
40823000000,0.0
40824000000,0.0
40825000000,0.0
40826000000,0.0
40827000000,0.0
40828000000,0.0
40829000000,0.0
40830000000,0.0
40831000000,0.0
40832000000,0.0
40833000000,0.0
40834000000,0.0
40835000000,0.0
40836000000,0.0
40837000000,0.0
40838000000,0.0
40839000000,0.0
40840000000,0.0
40841000000,0.0
40842000000,0.0
40843000000,0.0
40844000000,0.0
40845000000,0.0
40846000000,0.0
40847000000,0.0
40848000000,0.0
40849000000,0.0
40850000000,0.0
40851000000,0.0
40852000000,0.0
40853000000,0.0
40854000000,0.0
40855000000,0.0
40856000000,0.0
40857000000,0.0
40858000000,0.0
40859000000,0.0
40860000000,0.0
40861000000,0.0
40862000000,0.0
40863000000,0.0
40864000000,0.0
40865000000,0.0
40866000000,0.0
40867000000,0.0
40868000000,0.0
40869000000,0.0
40870000000,0.0
40871000000,0.0
40872000000,0.0
40873000000,0.0
40874000000,0.0
40875000000,0.0
40876000000,0.0
40877000000,0.0
40878000000,0.0
40879000000,0.0
40880000000,0.0
40881000000,0.0
40882000000,0.0
40883000000,0.0
40884000000,0.0
40885000000,0.0
40886000000,0.0
40887000000,0.0
40888000000,0.0
40889000000,0.0
40890000000,0.0
40891000000,0.0
40892000000,0.0
40893000000,0.0
40894000000,0.0
40895000000,0.0
40896000000,0.0
40897000000,0.0
40898000000,0.0
40899000000,0.0
40900000000,0.0
40901000000,0.0
40902000000,0.0
40903000000,0.0
40904000000,0.0
40905000000,0.0
40906000000,0.0
40907000000,0.0
40908000000,0.0
40909000000,0.0
40910000000,0.0
40911000000,0.0
40912000000,0.0
40913000000,0.0
40914000000,0.0
40915000000,0.0
40916000000,0.0
40917000000,0.0
40918000000,0.0
40919000000,0.0
40920000000,0.0
40921000000,0.0
40922000000,0.0
40923000000,0.0
40924000000,0.0
40925000000,0.0
40926000000,0.0
40927000000,0.0
40928000000,0.0
40929000000,0.0
40930000000,0.0
40931000000,0.0
40932000000,0.0
40933000000,0.0
40934000000,0.0
40935000000,0.0
40936000000,0.0
40937000000,0.0
40938000000,0.0
40939000000,0.0
40940000000,0.0
40941000000,0.0
40942000000,0.0
40943000000,0.0
40944000000,0.0
40945000000,0.0
40946000000,0.0
40947000000,0.0
40948000000,0.0
40949000000,0.0
40950000000,0.0
40951000000,0.0
40952000000,0.0
40953000000,0.0
40954000000,0.0
40955000000,0.0
40956000000,0.0
40957000000,0.0
40958000000,0.0
40959000000,0.0
40960000000,0.0
40961000000,0.0
40962000000,0.0
40963000000,0.0
40964000000,0.0
40965000000,0.0
40966000000,0.0
40967000000,0.0
40968000000,0.0
40969000000,0.0
40970000000,0.0
40971000000,0.0
40972000000,0.0
40973000000,0.0
40974000000,0.0
40975000000,0.0
40976000000,0.0
40977000000,0.0
40978000000,0.0
40979000000,0.0
40980000000,0.0
40981000000,0.0
40982000000,0.0
40983000000,0.0
40984000000,0.0
40985000000,0.0
40986000000,0.0
40987000000,0.0
40988000000,0.0
40989000000,0.0
40990000000,0.0
40991000000,0.0
40992000000,0.0
40993000000,0.0
40994000000,0.0
40995000000,0.0
40996000000,0.0
40997000000,0.0
40998000000,0.0
40999000000,0.0
41000000000,0.0
41001000000,0.0
41002000000,0.0
41003000000,0.0
41004000000,0.0
41005000000,0.0
41006000000,0.0
41007000000,0.0
41008000000,0.0
41009000000,0.0
41010000000,0.0
41011000000,0.0
41012000000,0.0
41013000000,0.0
41014000000,0.0
41015000000,0.0
41016000000,0.0
41017000000,0.0
41018000000,0.0
41019000000,0.0
41020000000,0.0
41021000000,0.0
41022000000,0.0
41023000000,0.0
41024000000,0.0
41025000000,0.0
41026000000,0.0
41027000000,0.0
41028000000,0.0
41029000000,0.0
41030000000,0.0
41031000000,0.0
41032000000,0.0
41033000000,0.0
41034000000,0.0
41035000000,0.0
41036000000,0.0
41037000000,0.0
41038000000,0.0
41039000000,0.0
41040000000,0.0
41041000000,0.0
41042000000,0.0
41043000000,0.0
41044000000,0.0
41045000000,0.0
41046000000,0.0
41047000000,0.0
41048000000,0.0
41049000000,0.0
41050000000,0.0
41051000000,0.0
41052000000,0.0
41053000000,0.0
41054000000,0.0
41055000000,0.0
41056000000,0.0
41057000000,0.0
41058000000,0.0
41059000000,0.0
41060000000,0.0
41061000000,0.0
41062000000,0.0
41063000000,0.0
41064000000,0.0
41065000000,0.0
41066000000,0.0
41067000000,0.0
41068000000,0.0
41069000000,0.0
41070000000,0.0
41071000000,0.0
41072000000,0.0
41073000000,0.0
41074000000,0.0
41075000000,0.0
41076000000,0.0
41077000000,0.0
41078000000,0.0
41079000000,0.0
41080000000,0.0
41081000000,0.0
41082000000,0.0
41083000000,0.0
41084000000,0.0
41085000000,0.0
41086000000,0.0
41087000000,0.0
41088000000,0.0
41089000000,0.0
41090000000,0.0
41091000000,0.0
41092000000,0.0
41093000000,0.0
41094000000,0.0
41095000000,0.0
41096000000,0.0
41097000000,0.0
41098000000,0.0
41099000000,0.0
41100000000,0.0
41101000000,0.0
41102000000,0.0
41103000000,0.0
41104000000,0.0
41105000000,0.0
41106000000,0.0
41107000000,0.0
41108000000,0.0
41109000000,0.0
41110000000,0.0
41111000000,0.0
41112000000,0.0
41113000000,0.0
41114000000,0.0
41115000000,0.0
41116000000,0.0
41117000000,0.0
41118000000,0.0
41119000000,0.0
41120000000,0.0
41121000000,0.0
41122000000,0.0
41123000000,0.0
41124000000,0.0
41125000000,0.0
41126000000,0.0
41127000000,0.0
41128000000,0.0
41129000000,0.0
41130000000,0.0
41131000000,0.0
41132000000,0.0
41133000000,0.0
41134000000,0.0
41135000000,0.0
41136000000,0.0
41137000000,0.0
41138000000,0.0
41139000000,0.0
41140000000,0.0
41141000000,0.0
41142000000,0.0
41143000000,0.0
41144000000,0.0
41145000000,0.0
41146000000,0.0
41147000000,0.0
41148000000,0.0
41149000000,0.0
41150000000,0.0
41151000000,0.0
41152000000,0.0
41153000000,0.0
41154000000,0.0
41155000000,0.0
41156000000,0.0
41157000000,0.0
41158000000,0.0
41159000000,0.0
41160000000,0.0
41161000000,0.0
41162000000,0.0
41163000000,0.0
41164000000,0.0
41165000000,0.0
41166000000,0.0
41167000000,0.0
41168000000,0.0
41169000000,0.0
41170000000,0.0
41171000000,0.0
41172000000,0.0
41173000000,0.0
41174000000,0.0
41175000000,0.0
41176000000,0.0
41177000000,0.0
41178000000,0.0
41179000000,0.0
41180000000,0.0
41181000000,0.0
41182000000,0.0
41183000000,0.0
41184000000,0.0
41185000000,0.0
41186000000,0.0
41187000000,0.0
41188000000,0.0
41189000000,0.0
41190000000,0.0
41191000000,0.0
41192000000,0.0
41193000000,0.0
41194000000,0.0
41195000000,0.0
41196000000,0.0
41197000000,0.0
41198000000,0.0
41199000000,0.0
41200000000,0.0
41201000000,0.0
41202000000,0.0
41203000000,0.0
41204000000,0.0
41205000000,0.0
41206000000,0.0
41207000000,0.0
41208000000,0.0
41209000000,0.0
41210000000,0.0
41211000000,0.0
41212000000,0.0
41213000000,0.0
41214000000,0.0
41215000000,2.5538594888240634e-19
41216000000,1.7121051197532276e-19
41217000000,0.0
41218000000,0.0
41219000000,0.0
41220000000,0.0
41221000000,0.0
41222000000,0.0
41223000000,0.0
41224000000,0.0
41225000000,0.0
41226000000,0.0
41227000000,0.0
41228000000,0.0
41229000000,0.0
41230000000,0.0
41231000000,0.0
41232000000,0.0
41233000000,0.0
41234000000,0.0
41235000000,0.0
41236000000,0.0
41237000000,0.0
41238000000,0.0
41239000000,0.0
41240000000,0.0
41241000000,0.0
41242000000,0.0
41243000000,0.0
41244000000,0.0
41245000000,0.0
41246000000,0.0
41247000000,0.0
41248000000,0.0
41249000000,0.0
41250000000,0.0
41251000000,0.0
41252000000,0.0
41253000000,0.0
41254000000,0.0
41255000000,0.0
41256000000,0.0
41257000000,0.0
41258000000,0.0
41259000000,0.0
41260000000,0.0
41261000000,0.0
41262000000,0.0
41263000000,0.0
41264000000,0.0
41265000000,0.0
41266000000,0.0
41267000000,0.0
41268000000,0.0
41269000000,0.0
41270000000,0.0
41271000000,0.0
41272000000,0.0
41273000000,0.0
41274000000,0.0
41275000000,0.0
41276000000,0.0
41277000000,0.0
41278000000,0.0
41279000000,0.0
41280000000,0.0
41281000000,0.0
41282000000,0.0
41283000000,0.0
41284000000,0.0
41285000000,0.0
41286000000,0.0
41287000000,0.0
41288000000,0.0
41289000000,0.0
41290000000,0.0
41291000000,0.0
41292000000,0.0
41293000000,0.0
41294000000,0.0
41295000000,0.0
41296000000,0.0
41297000000,0.0
41298000000,0.0
41299000000,0.0
41300000000,3.5066332200674614e-20
41301000000,0.0
41302000000,0.0
41303000000,3.5840610025043645e-20
41304000000,0.0
41305000000,0.0
41306000000,3.6335776697714526e-20
41307000000,0.0
41308000000,0.0
41309000000,8.458254239659958e-20
41310000000,0.0
41311000000,0.0
41312000000,8.63098940163848e-20
41313000000,0.0
41314000000,0.0
41315000000,8.730382232395161e-20
41316000000,0.0
41317000000,0.0
41318000000,8.823591041157771e-20
41319000000,0.0
41320000000,0.0
41321000000,9.717342323188334e-20
41322000000,0.0
41323000000,0.0
41324000000,1.2271143630688183e-19
41325000000,0.0
41326000000,0.0
41327000000,1.2380306280159655e-19
