%time,field.linear.x,field.linear.y,field.linear.z,field.angular.x,field.angular.y,field.angular.z
29673000000,0.022521917664150893,-0.20492786956860484,0.15411991097937283,-0.0,-0.0,-0.0
29683000000,0.02217806044773589,-0.20474239207111616,0.15293063675818624,-0.0,-0.0,-0.0
29694000000,0.021775384545714045,-0.204573742782895,0.15153001692171197,-0.0,-0.0,-0.0
29704000000,0.021168134176448486,-0.2043737527298242,0.1494089648771467,-0.0,-0.0,-0.0
29714000000,0.02067201002679512,-0.20423700639785644,0.14767008747011198,-0.0,-0.0,-0.0
29724000000,0.02014901690449933,-0.204106977310562,0.1458319873296161,-0.0,-0.0,-0.0
29734000000,0.019419004771387565,-0.20393754481845497,0.14325833002389987,-0.0,-0.0,-0.0
29743000000,0.018852660915327765,-0.20380752917816453,0.14125448625213582,-0.0,-0.0,-0.0
29754000000,0.01827418698603857,-0.20367062856264453,0.13920054660259953,-0.0,-0.0,-0.0
29764000000,0.017488212310314215,-0.20347432514372948,0.13639915199509106,-0.0,-0.0,-0.0
29773000000,0.016890950789363045,-0.2033135344499487,0.13426132444558056,-0.0,-0.0,-0.0
29784000000,0.016289278881119116,-0.20313936341701597,0.13209958901512492,-0.0,-0.0,-0.0
29793000000,0.015482445642736369,-0.20288535684768538,0.12918848857993084,-0.0,-0.0,-0.0
29803000000,0.014875937364133328,-0.202676352655165,0.12698993690613639,-0.0,-0.0,-0.0
29814000000,0.014269273917397915,-0.2024514631514545,0.1247825015688652,-0.0,-0.0,-0.0
29824000000,0.01346129962841151,-0.20212730612865787,0.12183006042143497,-0.0,-0.0,-0.0
29834000000,0.012857212791436524,-0.2018652004205512,0.11961276123055604,-0.0,-0.0,-0.0
29844000000,0.012255569957669247,-0.20158683022948243,0.11739594448930189,-0.0,-0.0,-0.0
29853000000,0.011457634932156254,-0.20119155962975338,0.11444355775807745,-0.0,-0.0,-0.0
29863000000,0.010863398431193164,-0.20087624800036788,0.11223483821037072,-0.0,-0.0,-0.0
29873000000,0.010273179148911746,-0.20054528301571306,0.11003280140378607,-0.0,-0.0,-0.0
29884000000,0.009492502103748707,-0.20008122045541488,0.10710837088621969,-0.0,-0.0,-0.0
29893000000,0.008912111424372255,-0.19971620908059123,0.10492519140278576,-0.0,-0.0,-0.0
29904000000,0.008336678438470458,-0.19933668424487988,0.10275255904301425,-0.0,-0.0,-0.0
29914000000,0.007576711588293982,-0.19881000739056773,0.09987215584139957,-0.0,-0.0,-0.0
29924000000,0.007012638609448403,-0.19839936952576093,0.09772543463640856,-0.0,-0.0,-0.0
29934000000,0.006453924335557962,-0.1979756295013317,0.09559155337589163,-0.0,-0.0,-0.0
29943000000,0.0057170120164332944,-0.1973916137775271,0.09276624385989211,-0.0,-0.0,-0.0
29954000000,0.0051709508795866384,-0.19693876467976132,0.09066370967870849,-0.0,-0.0,-0.0
29963000000,0.004630470330353184,-0.19647394459996328,0.08857556727718101,-0.0,-0.0,-0.0
29974000000,0.003918390312571726,-0.1958364687983534,0.08581369941746256,-0.0,-0.0,-0.0
29984000000,0.0033908728039296026,-0.19534508069965031,0.08375948486697661,-0.0,-0.0,-0.0
29993000000,0.0028691429418807716,-0.19484261675381379,0.08172069944362872,-0.0,-0.0,-0.0
30004000000,0.0021822769187886813,-0.19415624177091767,0.07902602233760649,-0.0,-0.0,-0.0
30013000000,0.0016737707852105823,-0.1936291174806425,0.07702303209928375,-0.0,-0.0,-0.0
30024000000,0.0011711046786507555,-0.1930917063594165,0.07503605432420807,-0.0,-0.0,-0.0
30033000000,0.0005095033054150508,-0.1923601357782637,0.0724107086409141,-0.0,-0.0,-0.0
30044000000,2.0248101986923528e-05,-0.19179961460794484,0.07046081416023035,-0.0,-0.0,-0.0
30054000000,-0.0004632432902550378,-0.19122947964236192,0.06852714296674553,-0.0,-0.0,-0.0
30063000000,-0.001099376700691982,-0.19045531868137558,0.06597304768715259,-0.0,-0.0,-0.0
30073000000,-0.0015695910574910566,-0.18986362176583294,0.06407674777612497,-0.0,-0.0,-0.0
30084000000,-0.002033948431158231,-0.189262750970934,0.06219709121765466,-0.0,-0.0,-0.0
30093000000,-0.002644745300851959,-0.1884484663929012,0.059714947281860956,-0.0,-0.0,-0.0
30103000000,-0.0030960911328705492,-0.18782741796820815,0.05787249240158408,-0.0,-0.0,-0.0
30114000000,-0.0035416763583209104,-0.1871977814929806,0.05604660648112234,-0.0,-0.0,-0.0
30124000000,-0.004127588299406582,-0.18634595278096303,0.053636003771767776,-0.0,-0.0,-0.0
30134000000,-0.004560625155151373,-0.18569760356633924,0.05184645895161044,-0.0,-0.0,-0.0
30144000000,-0.00498805824296401,-0.1850413254258463,0.05007319341510888,-0.0,-0.0,-0.0
30154000000,-0.005549774304087337,-0.18415462759400675,0.04773284139134412,-0.0,-0.0,-0.0
30164000000,-0.005964715887306156,-0.18348060821792683,0.04599601312159782,-0.0,-0.0,-0.0
30173000000,-0.006374133878089209,-0.18279908204678566,0.044275375052000895,-0.0,-0.0,-0.0
30183000000,-0.006911767480922821,-0.18187918688748814,0.04200552117224003,-0.0,-0.0,-0.0
30193000000,-0.0073085813313252665,-0.18118056659211867,0.040321907596219314,-0.0,-0.0,-0.0
30204000000,-0.007699944231201658,-0.18047478798521063,0.038654415026962784,-0.0,-0.0,-0.0
30214000000,-0.008214020651861699,-0.17952341422688958,0.036454225940965736,-0.0,-0.0,-0.0
30223000000,-0.008593533716946275,-0.1788019994402153,0.0348219432722527,-0.0,-0.0,-0.0
30234000000,-0.008967750882422132,-0.1780740119585432,0.03320545141515947,-0.0,-0.0,-0.0
30244000000,-0.009458986268643145,-0.17709367084504082,0.031073302906444864,-0.0,-0.0,-0.0
30253000000,-0.009821436792012443,-0.1763509741767054,0.029491993179037078,-0.0,-0.0,-0.0
30264000000,-0.010178527065056587,-0.17560200858111963,0.027926730096374277,-0.0,-0.0,-0.0
30274000000,-0.01064714249230997,-0.17459419313891197,0.025862473928260285,-0.0,-0.0,-0.0
30283000000,-0.01099278503753103,-0.17383140379396736,0.02433174713088301,-0.0,-0.0,-0.0
30294000000,-0.011333183632215766,-0.1730628200253887,0.02281685440969644,-0.0,-0.0,-0.0
30304000000,-0.011779708339284932,-0.17202945636674652,0.020819419716157236,-0.0,-0.0,-0.0
30314000000,-0.012108901799556634,-0.17124798150126394,0.01933860088454106,-0.0,-0.0,-0.0
30324000000,-0.012433096693135838,-0.17046116618723578,0.017873057574933814,-0.0,-0.0,-0.0
30333000000,-0.012858096818259331,-0.1694042094186821,0.015941307103376476,-0.0,-0.0,-0.0
30344000000,-0.013170994765075755,-0.16860538048634988,0.014510338693077511,-0.0,-0.0,-0.0
30354000000,-0.013479096998579645,-0.16780153665508143,0.013094188599807433,-0.0,-0.0,-0.0
30363000000,-0.013882854403792572,-0.1667225033559384,0.011227814696609328,-0.0,-0.0,-0.0
30373000000,-0.01417995332671485,-0.16590761347729308,0.009845617821981695,-0.0,-0.0,-0.0
30383000000,-0.014472224105857258,-0.16508811228401474,0.008478413611706237,-0.0,-0.0,-0.0
30394000000,-0.01485493187296024,-0.16398861868788672,0.006677293790861584,-0.0,-0.0,-0.0
30403000000,-0.015136700588159663,-0.16315889785990415,0.005342793747629256,-0.0,-0.0,-0.0
30413000000,-0.015413671268511238,-0.1623250788359149,0.004023285606474356,-0.0,-0.0,-0.0
30423000000,-0.015776096484328872,-0.16120708947302717,0.0022855696445438787,-0.0,-0.0,-0.0
30434000000,-0.016042546120581744,-0.16036390204206566,0.0009990916681623643,-0.0,-0.0,-0.0
30443000000,-0.01630454850681352,-0.15951689907803981,-0.0002733016083218735,-0.0,-0.0,-0.0
30454000000,-0.016647155479634163,-0.15838208648407107,-0.0019484760906058245,-0.0,-0.0,-0.0
30464000000,-0.016899052896382806,-0.1575267383442778,-0.0031888864065422965,-0.0,-0.0,-0.0
30474000000,-0.017146494228105262,-0.15666803364442358,-0.004415098521448995,-0.0,-0.0,-0.0
30484000000,-0.01746995098451964,-0.15551814761798052,-0.006029354186063606,-0.0,-0.0,-0.0
30493000000,-0.017707522061802324,-0.1546519645790747,-0.007224067610824918,-0.0,-0.0,-0.0
30504000000,-0.0179407008915916,-0.15378275713467635,-0.008404668745740182,-0.0,-0.0,-0.0
30514000000,-0.018245263282808365,-0.15261934908093971,-0.00995833795782385,-0.0,-0.0,-0.0
30524000000,-0.018468763830358222,-0.1517434081451097,-0.01110779970698323,-0.0,-0.0,-0.0
30534000000,-0.01868796147964236,-0.15086477721006086,-0.012243320052525744,-0.0,-0.0,-0.0
30544000000,-0.01897401990602138,-0.1496893004846549,-0.013737160039549565,-0.0,-0.0,-0.0
30553000000,-0.01918375007921776,-0.1488046952456502,-0.014841964363991706,-0.0,-0.0,-0.0
30563000000,-0.019389138781545138,-0.14791780297847693,-0.01593260665055487,-0.0,-0.0,-0.0
30573000000,-0.019657006887592865,-0.14673162582681362,-0.01736716334117465,-0.0,-0.0,-0.0
30583000000,-0.019853036049345164,-0.14583943817546116,-0.018427171495935403,-0.0,-0.0,-0.0
30594000000,-0.020044798358572622,-0.14494560747858193,-0.019472716871325665,-0.0,-0.0,-0.0
30603000000,-0.0202950125108997,-0.1437497296785893,-0.02084957933314495,-0.0,-0.0,-0.0
30613000000,-0.0204779812264402,-0.14285111946336201,-0.021866498679348347,-0.0,-0.0,-0.0
30624000000,-0.020656429250436866,-0.14195021736542462,-0.02286836391594902,-0.0,-0.0,-0.0
30633000000,-0.020889594079451533,-0.14074733165045028,-0.024188293374197783,-0.0,-0.0,-0.0
30643000000,-0.021059600184451778,-0.1398431020060542,-0.02516204744567585,-0.0,-0.0,-0.0
30654000000,-0.021225699472210476,-0.13893751364559234,-0.026122699651401005,-0.0,-0.0,-0.0
30664000000,-0.021441595791033274,-0.13772856581326198,-0.027384254850302117,-0.0,-0.0,-0.0
30674000000,-0.021599284297516938,-0.13681982824617647,-0.028316635718107712,-0.0,-0.0,-0.0
30683000000,-0.02175307410893139,-0.13590926390229557,-0.02923627092421042,-0.0,-0.0,-0.0
30694000000,-0.021952772189942557,-0.134694596978892,-0.030443649059025846,-0.0,-0.0,-0.0
30704000000,-0.022098432953377555,-0.13378323216373048,-0.03133484941869633,-0.0,-0.0,-0.0
30713000000,-0.02224019295573438,-0.13286957410422534,-0.03221360453580569,-0.0,-0.0,-0.0
30724000000,-0.022423854246953815,-0.1316512713989489,-0.0333663586977518,-0.0,-0.0,-0.0
30733000000,-0.02255763547129555,-0.13073743467618265,-0.0342169433697844,-0.0,-0.0,-0.0
30743000000,-0.022687476581176716,-0.12982155725882402,-0.03505490762941964,-0.0,-0.0,-0.0
30754000000,-0.022855654428059233,-0.12860055311103183,-0.036154468786369146,-0.0,-0.0,-0.0
30763000000,-0.022977912654290993,-0.12768514325432392,-0.036965321456327194,-0.0,-0.0,-0.0
30774000000,-0.023096295403373168,-0.12676789734957875,-0.0377637102865758,-0.0,-0.0,-0.0
30783000000,-0.023249349225612823,-0.12554552376339584,-0.03881084957631521,-0.0,-0.0,-0.0
30794000000,-0.023360381277558323,-0.12462942592126455,-0.03958264515828389,-0.0,-0.0,-0.0
30804000000,-0.02346773991557658,-0.12371157814328095,-0.04034261541655858,-0.0,-0.0,-0.0
30813000000,-0.02360632727009953,-0.1224893748828268,-0.04133904132757203,-0.0,-0.0,-0.0
30824000000,-0.023706248467029827,-0.12157334960204716,-0.04207186771780616,-0.0,-0.0,-0.0
30833000000,-0.023802404205131526,-0.12065540393135615,-0.04279254488981497,-0.0,-0.0,-0.0
30843000000,-0.02392652078152244,-0.11943373133996099,-0.04373804589145137,-0.0,-0.0,-0.0
30854000000,-0.024016162519791388,-0.1185193450963609,-0.044434319763561235,-0.0,-0.0,-0.0
30863000000,-0.024101811240458956,-0.11760257913514124,-0.04511773625441864,-0.0,-0.0,-0.0
30874000000,-0.024211874831392838,-0.1163829109385618,-0.04601323433746789,-0.0,-0.0,-0.0
30884000000,-0.024291347961752474,-0.11547012334012018,-0.046673194113019734,-0.0,-0.0,-0.0
30894000000,-0.02436681337636576,-0.11455527913389903,-0.04732017590757884,-0.0,-0.0,-0.0
30904000000,-0.024463553276695894,-0.11333845958191653,-0.048167824276653635,-0.0,-0.0,-0.0
30914000000,-0.02453308097334762,-0.11242818385611422,-0.048791927810607066,-0.0,-0.0,-0.0
30923000000,-0.024598660766005427,-0.11151605343593048,-0.04940318337278921,-0.0,-0.0,-0.0
30933000000,-0.024682212226676953,-0.11030330599676971,-0.05020299556792682,-0.0,-0.0,-0.0
30943000000,-0.024741839148321853,-0.10939638724887969,-0.05079103603838492,-0.0,-0.0,-0.0
30954000000,-0.024797608111243853,-0.10848775391526118,-0.05136646330016059,-0.0,-0.0,-0.0
30964000000,-0.024868497799572477,-0.1072796944636985,-0.05211986346510064,-0.0,-0.0,-0.0
30974000000,-0.024918885667174425,-0.10637647730730047,-0.05267392291383279,-0.0,-0.0,-0.0
30984000000,-0.02496550178492465,-0.10547178129890092,-0.0532156139671849,-0.0,-0.0,-0.0
30993000000,-0.025024192438554152,-0.10426945978495894,-0.05392389704735432,-0.0,-0.0,-0.0
31003000000,-0.025065347639637876,-0.10337098013664872,-0.05444365311774382,-0.0,-0.0,-0.0
31014000000,-0.025102794225270703,-0.10247115191705028,-0.05495118364040942,-0.0,-0.0,-0.0
31024000000,-0.02514952602979272,-0.10127544994192889,-0.05561473781848858,-0.0,-0.0,-0.0
31034000000,-0.025182007260172008,-0.10038197028652605,-0.056101939004779285,-0.0,-0.0,-0.0
31044000000,-0.025220934756494978,-0.09945521093017674,-0.056515914328264645,-0.0,-0.0,-0.0
31054000000,-0.031529523898008345,-0.07308327027758277,-0.007428249214982957,-0.0,-0.0,-0.0
31063000000,-0.03017448485818602,-0.07297233359715762,-0.008118609780062533,-0.0,-0.0,-0.0
31074000000,-0.028896117498663675,-0.07290620941386515,-0.008753179977556069,-0.0,-0.0,-0.0
31084000000,-0.027241805634760606,-0.07284206639187817,-0.00962269169718347,-0.0,-0.0,-0.0
31093000000,-0.026026061064808665,-0.07281194486087295,-0.010291175733839726,-0.0,-0.0,-0.0
31103000000,-0.024836038269558366,-0.07278718044765178,-0.010976962003919373,-0.0,-0.0,-0.0
31114000000,-0.023271444279506136,-0.07277073930031873,-0.011895569572871823,-0.0,-0.0,-0.0
31123000000,-0.02211754247298449,-0.07276285474296877,-0.012586876831663376,-0.0,-0.0,-0.0
31134000000,-0.020979532611923635,-0.07275562399075323,-0.01328376938702792,-0.0,-0.0,-0.0
31144000000,-0.0194814769706358,-0.07274828870394914,-0.01421201453479322,-0.0,-0.0,-0.0
31153000000,-0.018376127843234995,-0.07273914548637882,-0.01491243033471644,-0.0,-0.0,-0.0
31163000000,-0.017289668663633517,-0.0727205855979775,-0.01561158283477451,-0.0,-0.0,-0.0
31174000000,-0.01586419106586082,-0.07268708711734559,-0.016545021177057563,-0.0,-0.0,-0.0
31183000000,-0.014812541606267977,-0.07265280706026644,-0.017246006898988787,-0.0,-0.0,-0.0
31194000000,-0.013778912393039326,-0.07260657526552843,-0.017950303071061973,-0.0,-0.0,-0.0
31203000000,-0.012424116499603375,-0.07253019427706894,-0.01889029499376074,-0.0,-0.0,-0.0
31213000000,-0.011429040534516115,-0.07245692998492163,-0.01959945220624958,-0.0,-0.0,-0.0
31223000000,-0.010450790685768306,-0.07237086223354615,-0.020311203868640614,-0.0,-0.0,-0.0
31233000000,-0.009173029276543104,-0.07223459341231457,-0.021265374430432374,-0.0,-0.0,-0.0
31243000000,-0.008235949826658314,-0.07211424007636064,-0.021986011380947468,-0.0,-0.0,-0.0
31253000000,-0.007317186815990252,-0.07197794030497986,-0.022711219973353035,-0.0,-0.0,-0.0
31264000000,-0.006118593492232101,-0.07177284169487774,-0.023684228732118024,-0.0,-0.0,-0.0
31273000000,-0.0052398946848440904,-0.07160055144274152,-0.024419059885082667,-0.0,-0.0,-0.0
31284000000,-0.004380826364550096,-0.07141000424402459,-0.025160080360528976,-0.0,-0.0,-0.0
31293000000,-0.0032615343845629743,-0.07113152646792067,-0.02615474583922384,-0.0,-0.0,-0.0
31303000000,-0.0024431483818590236,-0.07090257003934837,-0.026906863677880855,-0.0,-0.0,-0.0
31314000000,-0.0016445871444728643,-0.07065474828351889,-0.027665208359916885,-0.0,-0.0,-0.0
31323000000,-0.0006062773848243483,-0.070298845064114,-0.028683400599126704,-0.0,-0.0,-0.0
31333000000,0.0001501277252074865,-0.07001039447988079,-0.029453583149758412,-0.0,-0.0,-0.0
31343000000,0.0008876369993903756,-0.06970384203902881,-0.030228942634887013,-0.0,-0.0,-0.0
31353000000,0.0018437980352955096,-0.06926872183561053,-0.0312698829877336,-0.0,-0.0,-0.0
31364000000,0.002539257174824716,-0.06892143116587413,-0.03205611245281766,-0.0,-0.0,-0.0
31373000000,0.0032168579023441023,-0.06855710203199106,-0.032846616773252416,-0.0,-0.0,-0.0
31384000000,0.004092639861463934,-0.06804484775551703,-0.033907069924624104,-0.0,-0.0,-0.0
31394000000,0.004729106751970395,-0.06764120635021023,-0.034706561385668175,-0.0,-0.0,-0.0
31403000000,0.0054228755359541905,-0.06717796905302086,-0.035600656023887844,-0.0,-0.0,-0.0
31413000000,0.006020811109002307,-0.0667384896357236,-0.03640725297636184,-0.0,-0.0,-0.0
31423000000,0.006790829984534578,-0.06612726462658547,-0.03748702644063235,-0.0,-0.0,-0.0
31434000000,0.007347517988675753,-0.06564998637889205,-0.03829923624111835,-0.0,-0.0,-0.0
31444000000,0.007886927662959117,-0.0651570945810098,-0.03911327913428685,-0.0,-0.0,-0.0
31453000000,0.008580340803981843,-0.064476619828608,-0.04020109529434087,-0.0,-0.0,-0.0
31464000000,0.009080597018146761,-0.06394895535932263,-0.04101785051007922,-0.0,-0.0,-0.0
31474000000,0.009563209241366073,-0.06340634117418806,-0.041834997695521,-0.0,-0.0,-0.0
31483000000,0.010175363176382627,-0.06265573153255434,-0.04292521401207776,-0.0,-0.0,-0.0
31494000000,0.010620054428092413,-0.06208158536585995,-0.0437402757069901,-0.0,-0.0,-0.0
31503000000,0.01104636438490374,-0.06149292866309021,-0.04455471207195102,-0.0,-0.0,-0.0
31514000000,0.011590293339603158,-0.06068827995487395,-0.045638885641573354,-0.0,-0.0,-0.0
31524000000,0.011979978522275331,-0.06007036062171946,-0.04644947522291741,-0.0,-0.0,-0.0
31534000000,0.012353229626491814,-0.059440108337074395,-0.04725737831508806,-0.0,-0.0,-0.0
31544000000,0.012827134947167045,-0.05858167625055475,-0.04833044496900218,-0.0,-0.0,-0.0
31554000000,0.013164614327141647,-0.05792490391919227,-0.04913087806659016,-0.0,-0.0,-0.0
31564000000,0.013242848236251638,-0.057158793431091606,-0.0498981861539144,-0.0,-0.0,-0.0
31574000000,0.013893029832740305,-0.05635244979504642,-0.05098031517311692,-0.0,-0.0,-0.0
31584000000,0.014181320165633657,-0.055663064438001966,-0.05176361483434413,-0.0,-0.0,-0.0
31594000000,0.014453258161123996,-0.054962455012412745,-0.05254298510479315,-0.0,-0.0,-0.0
31603000000,0.01479367943576619,-0.054013979681582745,-0.05357390641546112,-0.0,-0.0,-0.0
31614000000,0.015031755226947599,-0.05329286687127677,-0.05433859701528477,-0.0,-0.0,-0.0
31624000000,0.015286737746133634,-0.05248515179920926,-0.055181146809875306,-0.0,-0.0,-0.0
31634000000,0.015491502676595137,-0.05174518912573441,-0.0559303531311017,-0.0,-0.0,-0.0
31643000000,0.015748173370238396,-0.05075000072900299,-0.056919367548841734,-0.0,-0.0,-0.0
31654000000,0.015925071096707613,-0.04999635857513258,-0.05765027525534069,-0.0,-0.0,-0.0
31664000000,0.016088619771212655,-0.049235996393169584,-0.05837290622414966,-0.0,-0.0,-0.0
31674000000,0.0162872747879865,-0.04821270913542209,-0.059323961051313864,-0.0,-0.0,-0.0
31683000000,0.01642170122319654,-0.0474390925718552,-0.06002626181115636,-0.0,-0.0,-0.0
31693000000,0.0165427540381374,-0.046660608195214365,-0.06071775540406521,-0.0,-0.0,-0.0
31703000000,0.016685323424882326,-0.04561486481146891,-0.06162536620201487,-0.0,-0.0,-0.0
31713000000,0.016778206935841318,-0.04482597602929862,-0.06229334208026038,-0.0,-0.0,-0.0
31724000000,0.01685885213842692,-0.04403315294035284,-0.06295035027109473,-0.0,-0.0,-0.0
31733000000,0.01694923257731986,-0.042969930509550024,-0.06381169537675366,-0.0,-0.0,-0.0
31744000000,0.017003710754514054,-0.0421696981573396,-0.06444337808160691,-0.0,-0.0,-0.0
31753000000,0.017046955400069157,-0.04136648225515808,-0.06506391978647501,-0.0,-0.0,-0.0
31763000000,0.01709620629054251,-0.040295771655849334,-0.06588106357405563,-0.0,-0.0,-0.0
31773000000,0.017114820453963425,-0.03948829157616126,-0.0664726652736445,-0.0,-0.0,-0.0
31784000000,0.017122066227740214,-0.03867898983152847,-0.06705260018529248,-0.0,-0.0,-0.0
31793000000,0.01711741082759349,-0.03759829462067724,-0.06780828979188935,-0.0,-0.0,-0.0
31803000000,0.01710230478859369,-0.03678769952264367,-0.06835867920087647,-0.0,-0.0,-0.0
31814000000,0.017077130934379854,-0.035976674632518545,-0.06889560777006934,-0.0,-0.0,-0.0
31824000000,0.017029570629863103,-0.034894146410200916,-0.0695936366733554,-0.0,-0.0,-0.0
31833000000,0.0169836119694651,-0.03408290524023495,-0.07010154012991077,-0.0,-0.0,-0.0
31844000000,0.016928368146543,-0.03327245949833645,-0.07059535094943735,-0.0,-0.0,-0.0
31853000000,0.016841445956204487,-0.03219277521802606,-0.07123393390407447,-0.0,-0.0,-0.0
31864000000,0.016766629725116333,-0.031384805733732,-0.07169654619452895,-0.0,-0.0,-0.0
31874000000,0.016683289104504274,-0.030578635484310834,-0.07214458017902577,-0.0,-0.0,-0.0
31883000000,0.016559859631036615,-0.029506068233112706,-0.07272145902797479,-0.0,-0.0,-0.0
31894000000,0.016454740587022468,-0.028700149707603435,-0.07314044975640946,-0.0,-0.0,-0.0
31904000000,0.016353806334369746,-0.027908898630512907,-0.0735347381243756,-0.0,-0.0,-0.0
31914000000,0.01619766625256709,-0.026848564696086357,-0.07404728954161495,-0.0,-0.0,-0.0
31923000000,0.016071684735337894,-0.026056535928434037,-0.07441510311169251,-0.0,-0.0,-0.0
31933000000,0.015938380148747197,-0.025268481338357237,-0.07476676737067985,-0.0,-0.0,-0.0
31944000000,0.01575044676654374,-0.024222598163811438,-0.07521437165052917,-0.0,-0.0,-0.0
31954000000,0.015602423057062092,-0.02344257995092612,-0.07553352864795941,-0.0,-0.0,-0.0
31964000000,0.015448032229883819,-0.022666901373769,-0.07583744080297146,-0.0,-0.0,-0.0
31974000000,0.015233047238060243,-0.021638760822347506,-0.07622116531953826,-0.0,-0.0,-0.0
31983000000,0.015065346488197988,-0.020873296758831036,-0.07649156891879151,-0.0,-0.0,-0.0
31993000000,0.01489172955042512,-0.02011339892040093,-0.07674563969489653,-0.0,-0.0,-0.0
32003000000,0.014651902115081435,-0.019107226492727766,-0.0770627811684922,-0.0,-0.0,-0.0
32014000000,0.014466182899730966,-0.01835926342588922,-0.07728270978392975,-0.0,-0.0,-0.0
32023000000,0.014278414971081984,-0.01762057663174884,-0.07748661039242373,-0.0,-0.0,-0.0
32034000000,0.01400667327844781,-0.016628415659181616,-0.07773854863195605,-0.0,-0.0,-0.0
32044000000,0.013805841912448913,-0.015899287804168282,-0.07791139784252174,-0.0,-0.0,-0.0
32053000000,0.013599857073247092,-0.01517613406798751,-0.07806788508873298,-0.0,-0.0,-0.0
32063000000,0.013318907120438438,-0.014221535285577907,-0.07825427587327427,-0.0,-0.0,-0.0
32073000000,0.01310382513950892,-0.013513659153004537,-0.0783763428147858,-0.0,-0.0,-0.0
32084000000,0.012884856264793201,-0.012812472281493048,-0.07848350555253289,-0.0,-0.0,-0.0
32094000000,0.012587596819988063,-0.011886715130969304,-0.07860640063446593,-0.0,-0.0,-0.0
32103000000,0.012361076814807227,-0.01120066699755908,-0.07868183250929042,-0.0,-0.0,-0.0
32114000000,0.012131199236772666,-0.01052244305203822,-0.07874153951406417,-0.0,-0.0,-0.0
32123000000,0.011820040724750925,-0.009628003620867274,-0.07880128498941076,-0.0,-0.0,-0.0
32134000000,0.011583638828049263,-0.00896588811331417,-0.07882966592081003,-0.0,-0.0,-0.0
32143000000,0.011344482266321104,-0.008311503594736366,-0.07884346028209607,-0.0,-0.0,-0.0
32153000000,0.011028142158149934,-0.007452053189056747,-0.07884601787401495,-0.0,-0.0,-0.0
32163000000,0.010783828794624832,-0.006817591714196698,-0.07882669981675608,-0.0,-0.0,-0.0
32174000000,0.010537929452536614,-0.0061901892913639785,-0.07879421717360088,-0.0,-0.0,-0.0
32183000000,0.010205184969117593,-0.005363575318569046,-0.07873106181015922,-0.0,-0.0,-0.0
32194000000,0.009953916246864357,-0.004753160365790402,-0.0786682494558692,-0.0,-0.0,-0.0
32204000000,0.009701064473456825,-0.004151199920898568,-0.07859164574748335,-0.0,-0.0,-0.0
32214000000,0.009361729119489227,-0.0033607151749039774,-0.07847027232750374,-0.0,-0.0,-0.0
32224000000,0.009104056023092966,-0.0027783658625496997,-0.07836597202130888,-0.0,-0.0,-0.0
32234000000,0.008770162866975637,-0.002233263554063258,-0.07832650128953215,-0.0,-0.0,-0.0
32243000000,0.0031900190781414843,-0.0034282179577438702,-0.08354082018544248,-0.0,-0.0,-0.0
32253000000,-0.0064006373769398515,-0.006285524238382464,-0.0928567855082294,-0.0,-0.0,-0.0
32264000000,-0.009873054360888948,-0.0068939149159360485,-0.095777484346222,-0.0,-0.0,-0.0
32274000000,-0.011934888592198314,-0.006815210994392401,-0.09696037195658914,-0.0,-0.0,-0.0
32283000000,-0.012166523004942387,-0.0063190671757918015,-0.09649187869175932,-0.0,-0.0,-0.0
32294000000,-0.012372559584875736,-0.005834915786586553,-0.09597590452824468,-0.0,-0.0,-0.0
32303000000,-0.012639989152990866,-0.005190632435564087,-0.09526070736693006,-0.0,-0.0,-0.0
32313000000,-0.012831041378576127,-0.004713924865251237,-0.09470084675553182,-0.0,-0.0,-0.0
32324000000,-0.013013444909503439,-0.004244376296929445,-0.09412254119583784,-0.0,-0.0,-0.0
32333000000,-0.013243804574341137,-0.00363020342739973,-0.09332761717665675,-0.0,-0.0,-0.0
32343000000,-0.01340578784739216,-0.0031806039797031707,-0.0927134385181215,-0.0,-0.0,-0.0
32354000000,-0.013558544694068194,-0.0027409705683025818,-0.09208520592660432,-0.0,-0.0,-0.0
32363000000,-0.013748823660269919,-0.0021698407134941237,-0.09122913585070765,-0.0,-0.0,-0.0
32374000000,-0.01388114386257428,-0.0017535765238783408,-0.09057367572671611,-0.0,-0.0,-0.0
32384000000,-0.014004379504402335,-0.001348102923539656,-0.08990696508208147,-0.0,-0.0,-0.0
32394000000,-0.0141553548851789,-0.0008237107168058725,-0.08900291967870187,-0.0,-0.0,-0.0
32403000000,-0.014258646686541133,-0.0004427800823505218,-0.0883142300085363,-0.0,-0.0,-0.0
32414000000,-0.01435645871733581,-6.746851141428548e-05,-0.08761330475698272,-0.0,-0.0,-0.0
32423000000,-0.014468620541550197,0.00040740278747027444,-0.08667025830507688,-0.0,-0.0,-0.0
32434000000,-0.01454394736058812,0.0007524156066641072,-0.0859538453259998,-0.0,-0.0,-0.0
32444000000,-0.014611596056990148,0.0010874249166717212,-0.08523113157619838,-0.0,-0.0,-0.0
32454000000,-0.014690132799138769,0.0015187373132191254,-0.08425758554939701,-0.0,-0.0,-0.0
32463000000,-0.014740567001992461,0.0018308057164470486,-0.08352083760600117,-0.0,-0.0,-0.0
32474000000,-0.014783752399512488,0.002133068710547865,-0.08277845985753027,-0.0,-0.0,-0.0
32484000000,-0.014830613946272405,0.002521406599639934,-0.08178103497210401,-0.0,-0.0,-0.0
32494000000,-0.014858035690201086,0.0028018764798846316,-0.081027919350565,-0.0,-0.0,-0.0
32504000000,-0.01487887082691987,0.0030731275242621005,-0.08027049873208625,-0.0,-0.0,-0.0
32514000000,-0.014896851517169466,0.0034209380619697697,-0.07925484309056433,-0.0,-0.0,-0.0
32523000000,-0.014903347046438852,0.003671689413695944,-0.07848946868533592,-0.0,-0.0,-0.0
32533000000,-0.014903885886477631,0.003913769258519599,-0.07772104018522269,-0.0,-0.0,-0.0
32543000000,-0.014896686206957244,0.004223859933341974,-0.07670099933419214,-0.0,-0.0,-0.0
32554000000,-0.014884011884290055,0.00444622942389752,-0.07592817964083441,-0.0,-0.0,-0.0
32563000000,-0.014865787910799283,0.004660535230245719,-0.07515161275697184,-0.0,-0.0,-0.0
32573000000,-0.014833552903924943,0.004934180134517229,-0.07411408070814429,-0.0,-0.0,-0.0
32583000000,-0.014803818927923129,0.005130680714166399,-0.0733350052151018,-0.0,-0.0,-0.0
32593000000,-0.014769307238371027,0.005319713822147793,-0.07255502996880647,-0.0,-0.0,-0.0
32604000000,-0.014716027306972804,0.005560412482266718,-0.07151389772302291,-0.0,-0.0,-0.0
32613000000,-0.014671132403628528,0.005732849001831079,-0.07073312929158902,-0.0,-0.0,-0.0
32623000000,-0.01462199998516971,0.005898378243520845,-0.06995235837414555,-0.0,-0.0,-0.0
32633000000,-0.01454998568194492,0.006108531832935543,-0.06891141332456964,-0.0,-0.0,-0.0
32644000000,-0.014491649840651231,0.006258700318456192,-0.06813179227001986,-0.0,-0.0,-0.0
32654000000,-0.014429472619170046,0.006402424335175681,-0.06735276396644631,-0.0,-0.0,-0.0
32664000000,-0.014340458035541665,0.00658455146156319,-0.06631662425408155,-0.0,-0.0,-0.0
32674000000,-0.01426975442738898,0.006713979896443639,-0.06553779383870748,-0.0,-0.0,-0.0
32683000000,-0.014196062741218594,0.0068375013617029325,-0.06476207330615673,-0.0,-0.0,-0.0
32694000000,-0.01409308056779268,0.006993532149151933,-0.06373167740890592,-0.0,-0.0,-0.0
32704000000,-0.014012427193860385,0.007104163630532799,-0.0629613485992736,-0.0,-0.0,-0.0
32714000000,-0.013928976881518876,0.0072094600565123694,-0.06219332592453312,-0.0,-0.0,-0.0
32724000000,-0.013813272048087369,0.007341515003825555,-0.06117266750650085,-0.0,-0.0,-0.0
32733000000,-0.013723683790032424,0.007434697800352327,-0.060410567913909946,-0.0,-0.0,-0.0
32743000000,-0.013631792542573734,0.007522789762519506,-0.05965137992889085,-0.0,-0.0,-0.0
32753000000,-0.013505914492431987,0.007631557401268585,-0.05864338239188738,-0.0,-0.0,-0.0
32763000000,-0.013409990397722206,0.007705202527907765,-0.057890868528404985,-0.0,-0.0,-0.0
32774000000,-0.013313973737057045,0.00776751658489434,-0.057139473471253276,-0.0,-0.0,-0.0
32783000000,-0.013195115340211078,0.007813832282688777,-0.05612583048349644,-0.0,-0.0,-0.0
32794000000,-0.013124396746274608,0.007753332041810014,-0.055339017866060436,-0.0,-0.0,-0.0
32804000000,-0.01310124428869851,0.0075155600527860075,-0.05448784162227611,-0.0,-0.0,-0.0
32813000000,-0.013256386482021022,0.006482539792198962,-0.05305512149585499,-0.0,-0.0,-0.0
32824000000,-0.013564214194391699,0.0049477777337554076,-0.05163976171162154,-0.0,-0.0,-0.0
32834000000,-0.01387061070664523,0.003344635540946133,-0.05015197504636458,-0.0,-0.0,-0.0
32843000000,-0.01377675207780664,0.0031004343896161106,-0.04898098756889789,-0.0,-0.0,-0.0
32854000000,-0.013357716177016248,0.004364571858740927,-0.048818225842004,-0.0,-0.0,-0.0
32863000000,-0.01295535819263991,0.005626026846083443,-0.0487123816292402,-0.0,-0.0,-0.0
32873000000,-0.012633309786105681,0.0064086586461649655,-0.04816008828319844,-0.0,-0.0,-0.0
32884000000,-0.012500244277501696,0.006476683964204971,-0.04747120379863078,-0.0,-0.0,-0.0
32894000000,-0.012405806151602786,0.006314932476342286,-0.0466402644045896,-0.0,-0.0,-0.0
32904000000,-0.012284551282397912,0.0059911762373820255,-0.045439543643907926,-0.0,-0.0,-0.0
32913000000,-0.012112875806098324,0.006187420693543579,-0.04483187785392726,-0.0,-0.0,-0.0
32923000000,-0.011982282264641621,0.0060885569645362115,-0.044004871681339916,-0.0,-0.0,-0.0
32934000000,-0.011803749557310202,0.005848799533821682,-0.042787889937793804,-0.0,-0.0,-0.0
32944000000,-0.01164238742718844,0.005771420713863727,-0.041927382439094246,-0.0,-0.0,-0.0
32954000000,-0.011460365886574106,0.005801711479549395,-0.04114021171915716,-0.0,-0.0,-0.0
32964000000,-0.011197494188478279,0.005914751324070929,-0.040133573961697575,-0.0,-0.0,-0.0
32973000000,-0.010987480629375533,0.005990179542503995,-0.03934610275110427,-0.0,-0.0,-0.0
32984000000,-0.010719775745940322,0.005824618437025388,-0.0381118053582295,-0.0,-0.0,-0.0
32993000000,-0.01045891774213201,0.005897482965096838,-0.03720970535436192,-0.0,-0.0,-0.0
33003000000,-0.010079038662737825,0.0060680929992554455,-0.03601624841106207,-0.0,-0.0,-0.0
33014000000,-0.009753118412016424,0.0061952789174301495,-0.03502497449433943,-0.0,-0.0,-0.0
33024000000,-0.009380066108332665,0.0063398314942157506,-0.0339415969222031,-0.0,-0.0,-0.0
33033000000,-0.008934707848836178,0.0068129522907863956,-0.03295910699389139,-0.0,-0.0,-0.0
33043000000,-0.008411654955908406,0.00699922947980031,-0.031557036288267656,-0.0,-0.0,-0.0
33054000000,-0.007918861860891666,0.00735786577686331,-0.030432247485436083,-0.0,-0.0,-0.0
33064000000,-0.007349503006089593,0.007995273959695523,-0.029343587808064404,-0.0,-0.0,-0.0
33074000000,-0.006987509437494766,0.00851238715794734,-0.028746707828933838,-0.0,-0.0,-0.0
33084000000,-0.006666600257514283,0.009022944487117848,-0.028258866179344394,-0.0,-0.0,-0.0
33094000000,-0.006271156394742252,0.009673127182931505,-0.027678011883064665,-0.0,-0.0,-0.0
33104000000,-0.005986373243472029,0.010134689190535732,-0.027258448011749918,-0.0,-0.0,-0.0
33113000000,-0.005708150141090021,0.010574535402162386,-0.026843503117538275,-0.0,-0.0,-0.0
33124000000,-0.0053457790511853,0.011129988577740842,-0.026295267442285147,-0.0,-0.0,-0.0
33134000000,-0.0050801957252385775,0.011524403439124064,-0.025887265857678306,-0.0,-0.0,-0.0
33143000000,-0.004819897462394355,0.011899978121076835,-0.02548123305656162,-0.0,-0.0,-0.0
33154000000,-0.00448404099731907,0.012369288368969316,-0.024941551582991214,-0.0,-0.0,-0.0
33164000000,-0.004229181203334315,0.012713438123622987,-0.02454115282438474,-0.0,-0.0,-0.0
33174000000,-0.003984654144242552,0.013033022459661174,-0.02414242253997393,-0.0,-0.0,-0.0
33184000000,-0.003666548661881874,0.013431569300195558,-0.023610943674821087,-0.0,-0.0,-0.0
33194000000,-0.0034336738287495576,0.013711957241724393,-0.023214478333187547,-0.0,-0.0,-0.0
33204000000,-0.003205659124094962,0.013976479480437941,-0.02281947699197032,-0.0,-0.0,-0.0
33214000000,-0.002908696268421811,0.014305998133788874,-0.022295292695751097,-0.0,-0.0,-0.0
33223000000,-0.002691318617827185,0.014536088736810459,-0.021904141886206385,-0.0,-0.0,-0.0
33234000000,-0.0024789361158334454,0.014750957940168867,-0.021514391302637277,-0.0,-0.0,-0.0
33243000000,-0.0022021152950303814,0.01501675639940953,-0.020997638716358485,-0.0,-0.0,-0.0
33254000000,-0.0020002779430497,0.01519932164115383,-0.020612065473044797,-0.0,-0.0,-0.0
33264000000,-0.00180282247418444,0.015368511491444642,-0.020228344185890593,-0.0,-0.0,-0.0
33274000000,-0.0015459613877969276,0.01557466775435665,-0.01971984358860774,-0.0,-0.0,-0.0
33284000000,-0.0013588695026756767,0.01571779073260291,-0.019334716455563127,-0.0,-0.0,-0.0
33294000000,-0.001177157941869983,0.01584085251775725,-0.018954547685968572,-0.0,-0.0,-0.0
33304000000,-0.0009408164857366961,0.015988729888968857,-0.018454796369674058,-0.0,-0.0,-0.0
33314000000,-0.0007683668716989711,0.01608695623546102,-0.018083031787488508,-0.0,-0.0,-0.0
33324000000,-0.0006003346683772605,0.016173612295095334,-0.017713611583735345,-0.0,-0.0,-0.0
33334000000,-0.00038248035925271843,0.016272421907600254,-0.017225100275653375,-0.0,-0.0,-0.0
33344000000,-0.0002241929822321387,0.016333644095353508,-0.016861790529351755,-0.0,-0.0,-0.0
33354000000,-7.028580260255769e-05,0.01638400250220756,-0.016501136926071823,-0.0,-0.0,-0.0
33364000000,0.00012883016065488767,0.016435631791894226,-0.01602463269674039,-0.0,-0.0,-0.0
33374000000,0.0002731641043332902,0.016462449003142494,-0.01567061431068317,-0.0,-0.0,-0.0
33384000000,0.00041322132080079177,0.016479298859300873,-0.015319524057814634,-0.0,-0.0,-0.0
33393000000,0.0005940355898298779,0.016487567576849587,-0.014856137345507187,-0.0,-0.0,-0.0
33403000000,0.0007239202538975536,0.016488391961785052,-0.014519561061458623,-0.0,-0.0,-0.0
33414000000,0.0008500708559837155,0.016470878798219495,-0.014180571509417011,-0.0,-0.0,-0.0
33424000000,0.00101323960794489,0.01643972970315904,-0.013732540773439415,-0.0,-0.0,-0.0
33434000000,0.001130639205466632,0.016405645265723887,-0.013399728820012556,-0.0,-0.0,-0.0
33444000000,0.0012442254889275181,0.01636376083566843,-0.013070052399204607,-0.0,-0.0,-0.0
33453000000,0.001390215773612198,0.016296596272125013,-0.01263593993363851,-0.0,-0.0,-0.0
33463000000,0.0014948894472105539,0.016237165231937994,-0.012314574234326157,-0.0,-0.0,-0.0
33474000000,0.0015957704175866767,0.01617049087656704,-0.011996924069595322,-0.0,-0.0,-0.0
33484000000,0.0017253697124633147,0.016071682981091528,-0.011579012897141156,-0.0,-0.0,-0.0
33493000000,0.0018183031072938232,0.015989796902079592,-0.01126986588421311,-0.0,-0.0,-0.0
33504000000,0.0019073578647695146,0.015901345505349315,-0.010964545938722967,-0.0,-0.0,-0.0
33514000000,0.00202133558662779,0.015774544701917696,-0.010563302671266539,-0.0,-0.0,-0.0
33523000000,0.0021027379852152504,0.01567254500123964,-0.010266806123557577,-0.0,-0.0,-0.0
33533000000,0.002183745530036613,0.015573198777271684,-0.009977480427737212,-0.0,-0.0,-0.0
33543000000,0.0022826852245797103,0.015420063246639677,-0.009591071166839672,-0.0,-0.0,-0.0
33553000000,0.0023531925714304694,0.015299829867658076,-0.009306844085082037,-0.0,-0.0,-0.0
33564000000,0.0024200022526883374,0.015174484647775486,-0.009027298032967009,-0.0,-0.0,-0.0
33574000000,0.0025048847025804432,0.01500099123840907,-0.008660802675402616,-0.0,-0.0,-0.0
33586000000,0.002584361234236855,0.01482001890710674,-0.00830145399445769,-0.0,-0.0,-0.0
33594000000,0.0026221405198429185,0.01472673611420262,-0.008124519873000651,-0.0,-0.0,-0.0
33604000000,0.002693531466534388,0.014535298481200493,-0.007776120453985525,-0.0,-0.0,-0.0
33614000000,0.0027438599610842968,0.014387429165696916,-0.007519555380443183,-0.0,-0.0,-0.0
33624000000,0.0027912856515915968,0.014236122860039216,-0.0072671379093084765,-0.0,-0.0,-0.0
33633000000,0.0028505727865035736,0.014029627903654248,-0.006936817232769567,-0.0,-0.0,-0.0
33644000000,0.0028917766933537607,0.013871063783701376,-0.0066938404291976466,-0.0,-0.0,-0.0
33654000000,0.0029324364213161817,0.013711004173525181,-0.00645904377114342,-0.0,-0.0,-0.0
33664000000,0.002976610948302712,0.013489368324368858,-0.0061321218817878545,-0.0,-0.0,-0.0
33673000000,0.0030085719809418107,0.013320664816741348,-0.005904090173031929,-0.0,-0.0,-0.0
33684000000,0.0030384324809091773,0.013150600503449114,-0.005678906978525756,-0.0,-0.0,-0.0
33694000000,0.0030749952935181972,0.012920801912146174,-0.005384946116733356,-0.0,-0.0,-0.0
33703000000,0.003099645319261832,0.012746248871930758,-0.005169265142970424,-0.0,-0.0,-0.0
33714000000,0.003121807680576989,0.012570066943842089,-0.004957910531684297,-0.0,-0.0,-0.0
33723000000,0.0031484116794510053,0.012333021803503371,-0.004682280912641276,-0.0,-0.0,-0.0
33734000000,0.0031655759269099866,0.012153479586210048,-0.0044803660587436666,-0.0,-0.0,-0.0
33744000000,0.003180754963416997,0.011972794690571673,-0.0042825517883666375,-0.0,-0.0,-0.0
33754000000,0.0031981406842436976,0.011730362438122423,-0.004024789378771311,-0.0,-0.0,-0.0
33764000000,0.0032020948201020175,0.011669561556243954,-0.003961359215864132,-0.0,-0.0,-0.0
33776000000,0.003216058363840359,0.01138480881202157,-0.0036813067198459867,-0.0,-0.0,-0.0
33785000000,0.0032348012826020536,0.01115815013726481,-0.003439435854400179,-0.0,-0.0,-0.0
33794000000,0.0032349444118766426,0.01091680818675018,-0.003213619862687497,-0.0,-0.0,-0.0
33804000000,0.0032366869389100304,0.010728513753754504,-0.0030408353140681252,-0.0,-0.0,-0.0
33816000000,0.0032372138769193332,0.010604073071379524,-0.0029285533598169444,-0.0,-0.0,-0.0
33824000000,0.003238501139523498,0.010339623396180019,-0.002700167738009387,-0.0,-0.0,-0.0
33834000000,0.0032352537400150093,0.010091118322613817,-0.0024869360544344035,-0.0,-0.0,-0.0
33844000000,0.003230657770219466,0.009904936011290428,-0.0023317289226617247,-0.0,-0.0,-0.0
33854000000,0.0032245223048834007,0.009719147969417532,-0.0021804191840815957,-0.0,-0.0,-0.0
33863000000,0.0032143102009458747,0.009472023838544768,-0.0019843309009996263,-0.0,-0.0,-0.0
33874000000,0.003204805940598253,0.00928712047294739,-0.0018416659074460531,-0.0,-0.0,-0.0
33885000000,0.003194036120035895,0.00910279627819209,-0.0017026927509343915,-0.0,-0.0,-0.0
33894000000,0.0031778797976496982,0.008857997267855067,-0.0015227220763366555,-0.0,-0.0,-0.0
33904000000,0.003164238347037706,0.008675089368970853,-0.00139181592773233,-0.0,-0.0,-0.0
33914000000,0.0031494201756593282,0.008497167896421938,-0.0012584968465100559,-0.0,-0.0,-0.0
33924000000,0.003126101472545664,0.008249954051245692,-0.0010912317395722502,-0.0,-0.0,-0.0
33934000000,0.003108636274537437,0.008069056244004748,-0.0009706487694314674,-0.0,-0.0,-0.0
33943000000,0.0030899075126707967,0.007889451840459617,-0.0008545283900395842,-0.0,-0.0,-0.0
33953000000,0.0030635622282477342,0.007652196723954449,-0.0007048170310984351,-0.0,-0.0,-0.0
33964000000,0.0030426131512855323,0.007475745244326331,-0.0005964316213313212,-0.0,-0.0,-0.0
33973000000,0.0030208417350577146,0.00730066751059013,-0.0004913113420501619,-0.0,-0.0,-0.0
33984000000,0.0029905570258923733,0.0070693966926653985,-0.0003559487424797108,-0.0,-0.0,-0.0
33994000000,0.00296687471183652,0.006897448689525859,-0.0002579911586985964,-0.0,-0.0,-0.0
34003000000,0.002942379911964891,0.006727050122943979,-0.00016313869592272167,-0.0,-0.0,-0.0
34014000000,0.002908607948735085,0.0065022502170157615,-4.128199065360885e-05,-0.0,-0.0,-0.0
34023000000,0.002882440947619278,0.006335333469748943,4.6725462130156304e-05,-0.0,-0.0,-0.0
34033000000,0.002855519821447435,0.00617019042461273,0.00013170148507693618,-0.0,-0.0,-0.0
34044000000,0.0028179712177741306,0.005955103325776714,0.00023177751858876027,-0.0,-0.0,-0.0
34053000000,0.002789665068530813,0.005793941403359396,0.00030876913490268437,-0.0,-0.0,-0.0
34064000000,0.002760834384615551,0.005634066681320139,0.00038491533317396536,-0.0,-0.0,-0.0
34074000000,0.002721604565781316,0.005423403222821176,0.0004820170530887487,-0.0,-0.0,-0.0
34084000000,0.0026916105588497006,0.005267626649770216,0.0005517661642126344,-0.0,-0.0,-0.0
34093000000,0.0026611585696241042,0.005113890960748791,0.0006188414645630369,-0.0,-0.0,-0.0
34104000000,0.002619972027049519,0.004911995269662839,0.000704338662292865,-0.0,-0.0,-0.0
34114000000,0.002588627054719333,0.004762733931211689,0.0007656044749576557,-0.0,-0.0,-0.0
34124000000,0.0025569111418181187,0.00461552081088523,0.0008243746517868814,-0.0,-0.0,-0.0
34133000000,0.0025141808064155415,0.004422234812594123,0.0008991536561338978,-0.0,-0.0,-0.0
34144000000,0.002481693352386204,0.004279642645451425,0.000952429918700051,-0.0,-0.0,-0.0
34154000000,0.002448961800189472,0.0041390823900044555,0.001003376234499797,-0.0,-0.0,-0.0
34164000000,0.0024128929190576956,0.00397399464145361,0.0010675016593288122,-0.0,-0.0,-0.0
34174000000,0.0023759590032146074,0.0038277218559794905,0.0011144718857065707,-0.0,-0.0,-0.0
34183000000,0.0023413910880550155,0.003690965356984894,0.0011577561090008223,-0.0,-0.0,-0.0
34194000000,0.0022963530654034592,0.0035145498842764967,0.001213076364905781,-0.0,-0.0,-0.0
34204000000,0.0022624341659175083,0.003384762666719939,0.001252211705761818,-0.0,-0.0,-0.0
34214000000,0.00222842754980695,0.0032573301151080244,0.001289250937609108,-0.0,-0.0,-0.0
34224000000,0.002183014048682688,0.00309071717790708,0.0013356153318612469,-0.0,-0.0,-0.0
34233000000,0.0021488648332690513,0.0029682227318856445,0.0013681713402122868,-0.0,-0.0,-0.0
34244000000,0.0021146698170886823,0.0028479636386387944,0.0013987865849795817,-0.0,-0.0,-0.0
34254000000,0.0020690712654765383,0.0026908328142677897,0.0014368772893271293,-0.0,-0.0,-0.0
34264000000,0.0020348387426099125,0.0025753986289068593,0.001463399020087082,-0.0,-0.0,-0.0
34274000000,0.0020006146659710877,0.002462165798281568,0.0014881321432525978,-0.0,-0.0,-0.0
34283000000,0.001955054201199597,0.0023143654873699336,0.00151859471085108,-0.0,-0.0,-0.0
34294000000,0.0019210046664751381,0.002210225645492769,0.0015454416170094809,-0.0,-0.0,-0.0
34304000000,0.0018859345434715361,0.002100087973910366,0.0015678460489000766,-0.0,-0.0,-0.0
34314000000,0.0018397746463527137,0.001958612921142769,0.0015918662537580677,-0.0,-0.0,-0.0
34324000000,0.0018057269162202424,0.0018563147098487112,0.0016076926940884286,-0.0,-0.0,-0.0
34334000000,0.0017718831571345024,0.001756445947700649,0.00162198406743912,-0.0,-0.0,-0.0
34344000000,0.001727052814552865,0.0016266534105538752,0.0016389091890809154,-0.0,-0.0,-0.0
34354000000,0.00169361524764016,0.0015317470966124632,0.0016499500260348152,-0.0,-0.0,-0.0
34364000000,0.0016603609732275964,0.0014390152066620547,0.001659592486546364,-0.0,-0.0,-0.0
34374000000,0.001616319343579342,0.001318483344718118,0.001670497610799961,-0.0,-0.0,-0.0
34383000000,0.0015835031878149266,0.001230422081957337,0.001677220713994087,-0.0,-0.0,-0.0
34394000000,0.0015509011631645777,0.0011445318767263715,0.0016826355135392114,-0.0,-0.0,-0.0
34404000000,0.001507772801056525,0.0010329561639844948,0.0016881239774015205,-0.0,-0.0,-0.0
34414000000,0.0014756788844671642,0.0009515230871618098,0.0016909451513119702,-0.0,-0.0,-0.0
34424000000,0.0014420032759619363,0.0008739130369851492,0.0016806670316851142,-0.0,-0.0,-0.0
34434000000,0.0014009221263923326,0.0007719496999611873,0.0016828713392324393,-0.0,-0.0,-0.0
34444000000,0.0013697361658484535,0.0006965572262360894,0.001682668076746018,-0.0,-0.0,-0.0
34454000000,0.0013387313628720064,0.0006230225488578436,0.0016811646344228545,-0.0,-0.0,-0.0
34463000000,0.0012978428980958759,0.000528049445817463,0.0016776160504627148,-0.0,-0.0,-0.0
34474000000,0.0012675415248473597,0.00045910746002199613,0.001673907447776014,-0.0,-0.0,-0.0
34484000000,0.0012375687638074386,0.0003921535816485181,0.0016692582504270537,-0.0,-0.0,-0.0
34493000000,0.0011980810407378848,0.0003056914391338462,0.0016618030592120189,-0.0,-0.0,-0.0
34503000000,0.0011688294320468518,0.0002429547303218924,0.0016552798708234133,-0.0,-0.0,-0.0
34514000000,0.0011399181065176495,0.0001821403042669273,0.0016479151308113706,-0.0,-0.0,-0.0
34523000000,0.001101846260943648,0.00010365161439052942,0.001637013322885218,-0.0,-0.0,-0.0
34534000000,0.0010736878461118894,4.686724918676442e-05,0.0016279866710873512,-0.0,-0.0,-0.0
34543000000,0.0010424181414606392,-1.2029338887785294e-05,0.0016196418245272657,-0.0,-0.0,-0.0
34553000000,0.0010135060787212719,-6.9961114132741e-05,0.0016048169660492562,-0.0,-0.0,-0.0
34563000000,0.0009854151673194718,-0.00012384718841276083,0.0015930963866400156,-0.0,-0.0,-0.0
34573000000,0.0009585640395892108,-0.00017417656460763062,0.0015813191090854398,-0.0,-0.0,-0.0
34584000000,0.0009234386480213226,-0.00023857081946306364,0.0015649777958497344,-0.0,-0.0,-0.0
34594000000,0.0008975106867449189,-0.00028494230604011843,0.0015520662248246502,-0.0,-0.0,-0.0
34603000000,0.0008719630255204342,-0.00032965151664281857,0.0015385803764223806,-0.0,-0.0,-0.0
34613000000,0.0008384809770839812,-0.00038681126594890687,0.0015198406407858085,-0.0,-0.0,-0.0
34624000000,0.000813818840727273,-0.00042784239527549734,0.00150523043255304,-0.0,-0.0,-0.0
34634000000,0.0007895170010309127,-0.0004673881820080184,0.001490186179424676,-0.0,-0.0,-0.0
34643000000,0.000757648514524172,-0.0005179529727078522,0.0014695411427532942,-0.0,-0.0,-0.0
34654000000,0.0007342011535615896,-0.0005541442238151138,0.001453590668484905,-0.0,-0.0,-0.0
34664000000,0.000711115004160546,-0.0005889389213588502,0.001437277800630357,-0.0,-0.0,-0.0
